seller_id,seller_email,seller_name,seller_city,seller_state,seller_zip_prefix
SELL00001,sell00001@seller.example.com,Seller 1,Florianopolis,BA,26699
SELL00002,sell00002@seller.example.com,Seller 2,Belo Horizonte,DF,42293
SELL00003,sell00003@seller.example.com,Seller 3,Goiania,ES,97983
SELL00004,sell00004@seller.example.com,Seller 4,Porto Alegre,GO,32425
SELL00005,sell00005@seller.example.com,Seller 5,Porto Alegre,DF,94181
SELL00006,sell00006@seller.example.com,Seller 6,Curitiba,MG,92764
SELL00007,sell00007@seller.example.com,Seller 7,Goiania,BA,44282
SELL00008,sell00008@seller.example.com,Seller 8,Curitiba,BA,97043
SELL00009,sell00009@seller.example.com,Seller 9,Brasilia,BA,60882
SELL00010,sell00010@seller.example.com,Seller 10,Florianopolis,DF,78721
SELL00011,sell00011@seller.example.com,Seller 11,Rio de Janeiro,RS,27622
SELL00012,sell00012@seller.example.com,Seller 12,Rio de Janeiro,SC,15455
SELL00013,sell00013@seller.example.com,Seller 13,Rio de Janeiro,RJ,45692
SELL00014,sell00014@seller.example.com,Seller 14,Florianopolis,BA,16796
SELL00015,sell00015@seller.example.com,Seller 15,Sao Paulo,ES,68534
SELL00016,sell00016@seller.example.com,Seller 16,Belo Horizonte,PR,32423
SELL00017,sell00017@seller.example.com,Seller 17,Sao Paulo,RS,37007
SELL00018,sell00018@seller.example.com,Seller 18,Curitiba,RJ,58121
SELL00019,sell00019@seller.example.com,Seller 19,Sao Paulo,BA,60261
SELL00020,sell00020@seller.example.com,Seller 20,Campinas,RJ,89445
SELL00021,sell00021@seller.example.com,Seller 21,Florianopolis,RJ,37692
SELL00022,sell00022@seller.example.com,Seller 22,Brasilia,ES,57049
SELL00023,sell00023@seller.example.com,Seller 23,Rio de Janeiro,RJ,92542
SELL00024,sell00024@seller.example.com,Seller 24,Florianopolis,GO,28721
SELL00025,sell00025@seller.example.com,Seller 25,Curitiba,MG,85658
SELL00026,sell00026@seller.example.com,Seller 26,Salvador,MG,44026
SELL00027,sell00027@seller.example.com,Seller 27,Brasilia,RJ,14501
SELL00028,sell00028@seller.example.com,Seller 28,Florianopolis,GO,83376
SELL00029,sell00029@seller.example.com,Seller 29,Sao Paulo,MG,17289
SELL00030,sell00030@seller.example.com,Seller 30,Brasilia,ES,85696
SELL00031,sell00031@seller.example.com,Seller 31,Sao Paulo,MG,70639
SELL00032,sell00032@seller.example.com,Seller 32,Campinas,PR,93943
SELL00033,sell00033@seller.example.com,Seller 33,Rio de Janeiro,BA,17190
SELL00034,sell00034@seller.example.com,Seller 34,Goiania,SP,85972
SELL00035,sell00035@seller.example.com,Seller 35,Florianopolis,SP,61678
SELL00036,sell00036@seller.example.com,Seller 36,Brasilia,GO,73772
SELL00037,sell00037@seller.example.com,Seller 37,Porto Alegre,RJ,46440
SELL00038,sell00038@seller.example.com,Seller 38,Rio de Janeiro,SP,21260
SELL00039,sell00039@seller.example.com,Seller 39,Porto Alegre,SP,28297
SELL00040,sell00040@seller.example.com,Seller 40,Sao Paulo,GO,12445
SELL00041,sell00041@seller.example.com,Seller 41,Brasilia,RS,18976
SELL00042,sell00042@seller.example.com,Seller 42,Brasilia,GO,93407
SELL00043,sell00043@seller.example.com,Seller 43,Rio de Janeiro,MG,31275
SELL00044,sell00044@seller.example.com,Seller 44,Florianopolis,SP,64386
SELL00045,sell00045@seller.example.com,Seller 45,Brasilia,MG,90507
SELL00046,sell00046@seller.example.com,Seller 46,Goiania,SP,75985
SELL00047,sell00047@seller.example.com,Seller 47,Brasilia,MG,90643
SELL00048,sell00048@seller.example.com,Seller 48,Salvador,RS,44195
SELL00049,sell00049@seller.example.com,Seller 49,Belo Horizonte,DF,74168
SELL00050,sell00050@seller.example.com,Seller 50,Curitiba,MG,78131
SELL00051,sell00051@seller.example.com,Seller 51,Sao Paulo,MG,61428
SELL00052,sell00052@seller.example.com,Seller 52,Campinas,ES,81301
SELL00053,sell00053@seller.example.com,Seller 53,Goiania,ES,67587
SELL00054,sell00054@seller.example.com,Seller 54,Goiania,SC,54268
SELL00055,sell00055@seller.example.com,Seller 55,Rio de Janeiro,GO,84673
SELL00056,sell00056@seller.example.com,Seller 56,Goiania,RS,89807
SELL00057,sell00057@seller.example.com,Seller 57,Salvador,GO,92946
SELL00058,sell00058@seller.example.com,Seller 58,Brasilia,PR,85251
SELL00059,sell00059@seller.example.com,Seller 59,Curitiba,ES,79228
SELL00060,sell00060@seller.example.com,Seller 60,Goiania,SP,78585
SELL00061,sell00061@seller.example.com,Seller 61,Sao Paulo,BA,65298
SELL00062,sell00062@seller.example.com,Seller 62,Porto Alegre,BA,99504
SELL00063,sell00063@seller.example.com,Seller 63,Goiania,GO,49866
SELL00064,sell00064@seller.example.com,Seller 64,Goiania,SP,58378
SELL00065,sell00065@seller.example.com,Seller 65,Florianopolis,SP,72519
SELL00066,sell00066@seller.example.com,Seller 66,Salvador,ES,34636
SELL00067,sell00067@seller.example.com,Seller 67,Sao Paulo,BA,21590
SELL00068,sell00068@seller.example.com,Seller 68,Curitiba,RS,29990
SELL00069,sell00069@seller.example.com,Seller 69,Porto Alegre,ES,16669
SELL00070,sell00070@seller.example.com,Seller 70,Porto Alegre,PR,26773
SELL00071,sell00071@seller.example.com,Seller 71,Salvador,MG,25648
SELL00072,sell00072@seller.example.com,Seller 72,Curitiba,RJ,80152
SELL00073,sell00073@seller.example.com,Seller 73,Goiania,ES,19867
SELL00074,sell00074@seller.example.com,Seller 74,Salvador,RS,75788
SELL00075,sell00075@seller.example.com,Seller 75,Brasilia,BA,83588
SELL00076,sell00076@seller.example.com,Seller 76,Rio de Janeiro,SP,95086
SELL00077,sell00077@seller.example.com,Seller 77,Sao Paulo,ES,52674
SELL00078,sell00078@seller.example.com,Seller 78,Goiania,ES,69437
SELL00079,sell00079@seller.example.com,Seller 79,Goiania,GO,97843
SELL00080,sell00080@seller.example.com,Seller 80,Sao Paulo,SC,53532
SELL00081,sell00081@seller.example.com,Seller 81,Sao Paulo,SC,17865
SELL00082,sell00082@seller.example.com,Seller 82,Campinas,SC,60657
SELL00083,sell00083@seller.example.com,Seller 83,Curitiba,PR,54628
SELL00084,sell00084@seller.example.com,Seller 84,Campinas,SP,22705
SELL00085,sell00085@seller.example.com,Seller 85,Salvador,RS,56057
SELL00086,sell00086@seller.example.com,Seller 86,Salvador,GO,41786
SELL00087,sell00087@seller.example.com,Seller 87,Rio de Janeiro,SP,74383
SELL00088,sell00088@seller.example.com,Seller 88,Rio de Janeiro,PR,75179
SELL00089,sell00089@seller.example.com,Seller 89,Porto Alegre,RS,47422
SELL00090,sell00090@seller.example.com,Seller 90,Goiania,DF,88754
SELL00091,sell00091@seller.example.com,Seller 91,Sao Paulo,SP,54237
SELL00092,sell00092@seller.example.com,Seller 92,Salvador,DF,99809
SELL00093,sell00093@seller.example.com,Seller 93,Salvador,DF,60450
SELL00094,sell00094@seller.example.com,Seller 94,Brasilia,SP,39792
SELL00095,sell00095@seller.example.com,Seller 95,Salvador,ES,86978
SELL00096,sell00096@seller.example.com,Seller 96,Brasilia,ES,91043
SELL00097,sell00097@seller.example.com,Seller 97,Belo Horizonte,SC,73871
SELL00098,sell00098@seller.example.com,Seller 98,Belo Horizonte,SP,85992
SELL00099,sell00099@seller.example.com,Seller 99,Brasilia,BA,70197
SELL00100,sell00100@seller.example.com,Seller 100,Campinas,BA,21899
SELL00101,sell00101@seller.example.com,Seller 101,Goiania,ES,42244
SELL00102,sell00102@seller.example.com,Seller 102,Curitiba,SP,75179
SELL00103,sell00103@seller.example.com,Seller 103,Brasilia,DF,33584
SELL00104,sell00104@seller.example.com,Seller 104,Sao Paulo,DF,21020
SELL00105,sell00105@seller.example.com,Seller 105,Rio de Janeiro,BA,42983
SELL00106,sell00106@seller.example.com,Seller 106,Goiania,SC,24251
SELL00107,sell00107@seller.example.com,Seller 107,Goiania,SP,81780
SELL00108,sell00108@seller.example.com,Seller 108,Goiania,GO,42947
SELL00109,sell00109@seller.example.com,Seller 109,Campinas,DF,61838
SELL00110,sell00110@seller.example.com,Seller 110,Rio de Janeiro,PR,64731
SELL00111,sell00111@seller.example.com,Seller 111,Rio de Janeiro,RS,26760
SELL00112,sell00112@seller.example.com,Seller 112,Brasilia,PR,83581
SELL00113,sell00113@seller.example.com,Seller 113,Porto Alegre,PR,74646
SELL00114,sell00114@seller.example.com,Seller 114,Porto Alegre,GO,28211
SELL00115,sell00115@seller.example.com,Seller 115,Florianopolis,MG,34156
SELL00116,sell00116@seller.example.com,Seller 116,Brasilia,RS,33961
SELL00117,sell00117@seller.example.com,Seller 117,Brasilia,RS,54186
SELL00118,sell00118@seller.example.com,Seller 118,Campinas,DF,28711
SELL00119,sell00119@seller.example.com,Seller 119,Goiania,PR,89046
SELL00120,sell00120@seller.example.com,Seller 120,Belo Horizonte,SC,39520
SELL00121,sell00121@seller.example.com,Seller 121,Campinas,GO,99504
SELL00122,sell00122@seller.example.com,Seller 122,Belo Horizonte,RJ,34825
SELL00123,sell00123@seller.example.com,Seller 123,Sao Paulo,ES,82808
SELL00124,sell00124@seller.example.com,Seller 124,Porto Alegre,DF,47504
SELL00125,sell00125@seller.example.com,Seller 125,Salvador,DF,49238
SELL00126,sell00126@seller.example.com,Seller 126,Belo Horizonte,GO,56883
SELL00127,sell00127@seller.example.com,Seller 127,Campinas,PR,40642
SELL00128,sell00128@seller.example.com,Seller 128,Sao Paulo,PR,82056
SELL00129,sell00129@seller.example.com,Seller 129,Florianopolis,MG,38299
SELL00130,sell00130@seller.example.com,Seller 130,Florianopolis,RJ,54046
SELL00131,sell00131@seller.example.com,Seller 131,Brasilia,ES,94663
SELL00132,sell00132@seller.example.com,Seller 132,Belo Horizonte,SC,14576
SELL00133,sell00133@seller.example.com,Seller 133,Porto Alegre,DF,17183
SELL00134,sell00134@seller.example.com,Seller 134,Goiania,RS,69100
SELL00135,sell00135@seller.example.com,Seller 135,Porto Alegre,PR,86350
SELL00136,sell00136@seller.example.com,Seller 136,Brasilia,GO,36352
SELL00137,sell00137@seller.example.com,Seller 137,Salvador,PR,71924
SELL00138,sell00138@seller.example.com,Seller 138,Belo Horizonte,GO,58406
SELL00139,sell00139@seller.example.com,Seller 139,Salvador,RS,87132
SELL00140,sell00140@seller.example.com,Seller 140,Goiania,RJ,65552
SELL00141,sell00141@seller.example.com,Seller 141,Brasilia,SC,25544
SELL00142,sell00142@seller.example.com,Seller 142,Porto Alegre,RS,99675
SELL00143,sell00143@seller.example.com,Seller 143,Porto Alegre,RS,69418
SELL00144,sell00144@seller.example.com,Seller 144,Sao Paulo,GO,67173
SELL00145,sell00145@seller.example.com,Seller 145,Brasilia,MG,11085
SELL00146,sell00146@seller.example.com,Seller 146,Florianopolis,DF,46497
SELL00147,sell00147@seller.example.com,Seller 147,Florianopolis,SC,96248
SELL00148,sell00148@seller.example.com,Seller 148,Porto Alegre,ES,11487
SELL00149,sell00149@seller.example.com,Seller 149,Porto Alegre,PR,84076
SELL00150,sell00150@seller.example.com,Seller 150,Belo Horizonte,SC,34989
SELL00151,sell00151@seller.example.com,Seller 151,Belo Horizonte,ES,91491
SELL00152,sell00152@seller.example.com,Seller 152,Rio de Janeiro,RS,50105
SELL00153,sell00153@seller.example.com,Seller 153,Campinas,GO,56369
SELL00154,sell00154@seller.example.com,Seller 154,Brasilia,BA,17102
SELL00155,sell00155@seller.example.com,Seller 155,Belo Horizonte,GO,76545
SELL00156,sell00156@seller.example.com,Seller 156,Porto Alegre,GO,30766
SELL00157,sell00157@seller.example.com,Seller 157,Goiania,SC,73794
SELL00158,sell00158@seller.example.com,Seller 158,Porto Alegre,SC,98625
SELL00159,sell00159@seller.example.com,Seller 159,Brasilia,SC,84509
SELL00160,sell00160@seller.example.com,Seller 160,Florianopolis,RS,13079
SELL00161,sell00161@seller.example.com,Seller 161,Salvador,GO,96372
SELL00162,sell00162@seller.example.com,Seller 162,Porto Alegre,SC,22167
SELL00163,sell00163@seller.example.com,Seller 163,Sao Paulo,BA,77722
SELL00164,sell00164@seller.example.com,Seller 164,Brasilia,RJ,54279
SELL00165,sell00165@seller.example.com,Seller 165,Curitiba,ES,19398
SELL00166,sell00166@seller.example.com,Seller 166,Porto Alegre,BA,71140
SELL00167,sell00167@seller.example.com,Seller 167,Sao Paulo,MG,14518
SELL00168,sell00168@seller.example.com,Seller 168,Belo Horizonte,GO,55452
SELL00169,sell00169@seller.example.com,Seller 169,Rio de Janeiro,GO,59456
SELL00170,sell00170@seller.example.com,Seller 170,Rio de Janeiro,BA,64290
SELL00171,sell00171@seller.example.com,Seller 171,Sao Paulo,GO,46222
SELL00172,sell00172@seller.example.com,Seller 172,Florianopolis,GO,16082
SELL00173,sell00173@seller.example.com,Seller 173,Brasilia,PR,32111
SELL00174,sell00174@seller.example.com,Seller 174,Belo Horizonte,ES,29939
SELL00175,sell00175@seller.example.com,Seller 175,Sao Paulo,SC,61826
SELL00176,sell00176@seller.example.com,Seller 176,Goiania,BA,62582
SELL00177,sell00177@seller.example.com,Seller 177,Rio de Janeiro,RS,58819
SELL00178,sell00178@seller.example.com,Seller 178,Belo Horizonte,RJ,83076
SELL00179,sell00179@seller.example.com,Seller 179,Florianopolis,RS,29533
SELL00180,sell00180@seller.example.com,Seller 180,Belo Horizonte,ES,57430
SELL00181,sell00181@seller.example.com,Seller 181,Campinas,MG,13347
SELL00182,sell00182@seller.example.com,Seller 182,Sao Paulo,BA,58479
SELL00183,sell00183@seller.example.com,Seller 183,Salvador,RS,13949
SELL00184,sell00184@seller.example.com,Seller 184,Goiania,MG,26888
SELL00185,sell00185@seller.example.com,Seller 185,Brasilia,PR,83301
SELL00186,sell00186@seller.example.com,Seller 186,Campinas,RJ,40084
SELL00187,sell00187@seller.example.com,Seller 187,Brasilia,GO,46174
SELL00188,sell00188@seller.example.com,Seller 188,Porto Alegre,RS,62669
SELL00189,sell00189@seller.example.com,Seller 189,Sao Paulo,BA,73996
SELL00190,sell00190@seller.example.com,Seller 190,Sao Paulo,RJ,53664
SELL00191,sell00191@seller.example.com,Seller 191,Brasilia,GO,57634
SELL00192,sell00192@seller.example.com,Seller 192,Salvador,SC,80793
SELL00193,sell00193@seller.example.com,Seller 193,Porto Alegre,PR,48291
SELL00194,sell00194@seller.example.com,Seller 194,Goiania,MG,19910
SELL00195,sell00195@seller.example.com,Seller 195,Belo Horizonte,PR,40604
SELL00196,sell00196@seller.example.com,Seller 196,Campinas,GO,30883
SELL00197,sell00197@seller.example.com,Seller 197,Curitiba,BA,63726
SELL00198,sell00198@seller.example.com,Seller 198,Florianopolis,MG,66017
SELL00199,sell00199@seller.example.com,Seller 199,Curitiba,DF,99647
SELL00200,sell00200@seller.example.com,Seller 200,Campinas,BA,47083
SELL00201,sell00201@seller.example.com,Seller 201,Curitiba,RS,64467
SELL00202,sell00202@seller.example.com,Seller 202,Brasilia,PR,23271
SELL00203,sell00203@seller.example.com,Seller 203,Belo Horizonte,GO,63931
SELL00204,sell00204@seller.example.com,Seller 204,Brasilia,RS,74456
SELL00205,sell00205@seller.example.com,Seller 205,Belo Horizonte,RJ,48574
SELL00206,sell00206@seller.example.com,Seller 206,Porto Alegre,ES,61121
SELL00207,sell00207@seller.example.com,Seller 207,Sao Paulo,SP,37679
SELL00208,sell00208@seller.example.com,Seller 208,Florianopolis,DF,86794
SELL00209,sell00209@seller.example.com,Seller 209,Rio de Janeiro,RS,11759
SELL00210,sell00210@seller.example.com,Seller 210,Belo Horizonte,ES,65718
SELL00211,sell00211@seller.example.com,Seller 211,Sao Paulo,MG,38628
SELL00212,sell00212@seller.example.com,Seller 212,Florianopolis,BA,39675
SELL00213,sell00213@seller.example.com,Seller 213,Porto Alegre,MG,28665
SELL00214,sell00214@seller.example.com,Seller 214,Goiania,GO,72268
SELL00215,sell00215@seller.example.com,Seller 215,Rio de Janeiro,BA,21226
SELL00216,sell00216@seller.example.com,Seller 216,Brasilia,RJ,57982
SELL00217,sell00217@seller.example.com,Seller 217,Campinas,MG,27507
SELL00218,sell00218@seller.example.com,Seller 218,Belo Horizonte,DF,81367
SELL00219,sell00219@seller.example.com,Seller 219,Florianopolis,BA,11234
SELL00220,sell00220@seller.example.com,Seller 220,Florianopolis,MG,66028
SELL00221,sell00221@seller.example.com,Seller 221,Goiania,DF,15956
SELL00222,sell00222@seller.example.com,Seller 222,Florianopolis,ES,59826
SELL00223,sell00223@seller.example.com,Seller 223,Brasilia,RJ,28689
SELL00224,sell00224@seller.example.com,Seller 224,Porto Alegre,RJ,76804
SELL00225,sell00225@seller.example.com,Seller 225,Goiania,BA,31481
SELL00226,sell00226@seller.example.com,Seller 226,Goiania,DF,95141
SELL00227,sell00227@seller.example.com,Seller 227,Brasilia,PR,96639
SELL00228,sell00228@seller.example.com,Seller 228,Belo Horizonte,RJ,14194
SELL00229,sell00229@seller.example.com,Seller 229,Salvador,GO,38370
SELL00230,sell00230@seller.example.com,Seller 230,Sao Paulo,PR,20251
SELL00231,sell00231@seller.example.com,Seller 231,Curitiba,MG,73356
SELL00232,sell00232@seller.example.com,Seller 232,Porto Alegre,ES,93169
SELL00233,sell00233@seller.example.com,Seller 233,Salvador,RJ,14029
SELL00234,sell00234@seller.example.com,Seller 234,Florianopolis,ES,78396
SELL00235,sell00235@seller.example.com,Seller 235,Florianopolis,RJ,79049
SELL00236,sell00236@seller.example.com,Seller 236,Rio de Janeiro,SP,45987
SELL00237,sell00237@seller.example.com,Seller 237,Rio de Janeiro,GO,51138
SELL00238,sell00238@seller.example.com,Seller 238,Rio de Janeiro,SC,80466
SELL00239,sell00239@seller.example.com,Seller 239,Goiania,SC,14677
SELL00240,sell00240@seller.example.com,Seller 240,Brasilia,RS,15472
SELL00241,sell00241@seller.example.com,Seller 241,Salvador,RJ,49476
SELL00242,sell00242@seller.example.com,Seller 242,Sao Paulo,GO,99761
SELL00243,sell00243@seller.example.com,Seller 243,Campinas,MG,23728
SELL00244,sell00244@seller.example.com,Seller 244,Brasilia,SC,34214
SELL00245,sell00245@seller.example.com,Seller 245,Campinas,RS,56649
SELL00246,sell00246@seller.example.com,Seller 246,Curitiba,PR,88019
SELL00247,sell00247@seller.example.com,Seller 247,Porto Alegre,ES,45297
SELL00248,sell00248@seller.example.com,Seller 248,Porto Alegre,PR,84663
SELL00249,sell00249@seller.example.com,Seller 249,Campinas,GO,66622
SELL00250,sell00250@seller.example.com,Seller 250,Brasilia,DF,78009
SELL00251,sell00251@seller.example.com,Seller 251,Goiania,RJ,14662
SELL00252,sell00252@seller.example.com,Seller 252,Florianopolis,SC,50496
SELL00253,sell00253@seller.example.com,Seller 253,Goiania,SC,12665
SELL00254,sell00254@seller.example.com,Seller 254,Goiania,PR,86720
SELL00255,sell00255@seller.example.com,Seller 255,Sao Paulo,SC,55942
SELL00256,sell00256@seller.example.com,Seller 256,Salvador,PR,18475
SELL00257,sell00257@seller.example.com,Seller 257,Campinas,RJ,47239
SELL00258,sell00258@seller.example.com,Seller 258,Curitiba,PR,32903
SELL00259,sell00259@seller.example.com,Seller 259,Curitiba,SP,71134
SELL00260,sell00260@seller.example.com,Seller 260,Porto Alegre,MG,27171
SELL00261,sell00261@seller.example.com,Seller 261,Brasilia,BA,22660
SELL00262,sell00262@seller.example.com,Seller 262,Porto Alegre,RS,68200
SELL00263,sell00263@seller.example.com,Seller 263,Curitiba,DF,52658
SELL00264,sell00264@seller.example.com,Seller 264,Brasilia,MG,33289
SELL00265,sell00265@seller.example.com,Seller 265,Porto Alegre,BA,17988
SELL00266,sell00266@seller.example.com,Seller 266,Brasilia,RJ,49974
SELL00267,sell00267@seller.example.com,Seller 267,Sao Paulo,DF,42052
SELL00268,sell00268@seller.example.com,Seller 268,Belo Horizonte,MG,55154
SELL00269,sell00269@seller.example.com,Seller 269,Salvador,SC,12421
SELL00270,sell00270@seller.example.com,Seller 270,Sao Paulo,RJ,70149
SELL00271,sell00271@seller.example.com,Seller 271,Porto Alegre,BA,79467
SELL00272,sell00272@seller.example.com,Seller 272,Florianopolis,RS,81561
SELL00273,sell00273@seller.example.com,Seller 273,Sao Paulo,SC,51584
SELL00274,sell00274@seller.example.com,Seller 274,Salvador,RJ,36176
SELL00275,sell00275@seller.example.com,Seller 275,Campinas,MG,57540
SELL00276,sell00276@seller.example.com,Seller 276,Campinas,MG,55305
SELL00277,sell00277@seller.example.com,Seller 277,Belo Horizonte,RS,47273
SELL00278,sell00278@seller.example.com,Seller 278,Curitiba,SP,98801
SELL00279,sell00279@seller.example.com,Seller 279,Sao Paulo,SC,52369
SELL00280,sell00280@seller.example.com,Seller 280,Curitiba,SC,54827
SELL00281,sell00281@seller.example.com,Seller 281,Porto Alegre,RS,88931
SELL00282,sell00282@seller.example.com,Seller 282,Salvador,DF,53930
SELL00283,sell00283@seller.example.com,Seller 283,Porto Alegre,PR,76334
SELL00284,sell00284@seller.example.com,Seller 284,Brasilia,GO,13462
SELL00285,sell00285@seller.example.com,Seller 285,Salvador,RS,60479
SELL00286,sell00286@seller.example.com,Seller 286,Sao Paulo,BA,17449
SELL00287,sell00287@seller.example.com,Seller 287,Rio de Janeiro,GO,68038
SELL00288,sell00288@seller.example.com,Seller 288,Salvador,GO,70760
SELL00289,sell00289@seller.example.com,Seller 289,Belo Horizonte,DF,55190
SELL00290,sell00290@seller.example.com,Seller 290,Rio de Janeiro,RJ,40163
SELL00291,sell00291@seller.example.com,Seller 291,Campinas,SP,58242
SELL00292,sell00292@seller.example.com,Seller 292,Goiania,SC,42953
SELL00293,sell00293@seller.example.com,Seller 293,Brasilia,RJ,49799
SELL00294,sell00294@seller.example.com,Seller 294,Brasilia,DF,22288
SELL00295,sell00295@seller.example.com,Seller 295,Belo Horizonte,PR,37473
SELL00296,sell00296@seller.example.com,Seller 296,Goiania,RJ,37591
SELL00297,sell00297@seller.example.com,Seller 297,Campinas,PR,38391
SELL00298,sell00298@seller.example.com,Seller 298,Brasilia,RJ,19877
SELL00299,sell00299@seller.example.com,Seller 299,Rio de Janeiro,SC,83127
SELL00300,sell00300@seller.example.com,Seller 300,Salvador,DF,98482
SELL00301,sell00301@seller.example.com,Seller 301,Brasilia,RJ,62550
SELL00302,sell00302@seller.example.com,Seller 302,Salvador,SC,20494
SELL00303,sell00303@seller.example.com,Seller 303,Campinas,SC,10078
SELL00304,sell00304@seller.example.com,Seller 304,Salvador,SP,87674
SELL00305,sell00305@seller.example.com,Seller 305,Salvador,ES,93041
SELL00306,sell00306@seller.example.com,Seller 306,Sao Paulo,DF,18977
SELL00307,sell00307@seller.example.com,Seller 307,Rio de Janeiro,RS,42593
SELL00308,sell00308@seller.example.com,Seller 308,Porto Alegre,BA,79754
SELL00309,sell00309@seller.example.com,Seller 309,Sao Paulo,RS,81265
SELL00310,sell00310@seller.example.com,Seller 310,Goiania,DF,12723
SELL00311,sell00311@seller.example.com,Seller 311,Salvador,GO,19773
SELL00312,sell00312@seller.example.com,Seller 312,Porto Alegre,RJ,59510
SELL00313,sell00313@seller.example.com,Seller 313,Porto Alegre,RJ,77301
SELL00314,sell00314@seller.example.com,Seller 314,Brasilia,MG,43572
SELL00315,sell00315@seller.example.com,Seller 315,Campinas,RS,89603
SELL00316,sell00316@seller.example.com,Seller 316,Goiania,SC,81185
SELL00317,sell00317@seller.example.com,Seller 317,Sao Paulo,PR,94650
SELL00318,sell00318@seller.example.com,Seller 318,Goiania,GO,48759
SELL00319,sell00319@seller.example.com,Seller 319,Curitiba,GO,24539
SELL00320,sell00320@seller.example.com,Seller 320,Rio de Janeiro,BA,50593
SELL00321,sell00321@seller.example.com,Seller 321,Campinas,SC,55022
SELL00322,sell00322@seller.example.com,Seller 322,Campinas,RS,70765
SELL00323,sell00323@seller.example.com,Seller 323,Sao Paulo,GO,43051
SELL00324,sell00324@seller.example.com,Seller 324,Belo Horizonte,ES,92303
SELL00325,sell00325@seller.example.com,Seller 325,Goiania,BA,60730
SELL00326,sell00326@seller.example.com,Seller 326,Brasilia,SP,94865
SELL00327,sell00327@seller.example.com,Seller 327,Rio de Janeiro,DF,55242
SELL00328,sell00328@seller.example.com,Seller 328,Rio de Janeiro,RS,90903
SELL00329,sell00329@seller.example.com,Seller 329,Rio de Janeiro,BA,76159
SELL00330,sell00330@seller.example.com,Seller 330,Porto Alegre,RJ,43312
SELL00331,sell00331@seller.example.com,Seller 331,Campinas,MG,17586
SELL00332,sell00332@seller.example.com,Seller 332,Salvador,SP,92833
SELL00333,sell00333@seller.example.com,Seller 333,Salvador,RJ,94463
SELL00334,sell00334@seller.example.com,Seller 334,Rio de Janeiro,PR,71076
SELL00335,sell00335@seller.example.com,Seller 335,Rio de Janeiro,RJ,72399
SELL00336,sell00336@seller.example.com,Seller 336,Porto Alegre,SC,28131
SELL00337,sell00337@seller.example.com,Seller 337,Salvador,SC,25020
SELL00338,sell00338@seller.example.com,Seller 338,Salvador,SC,84771
SELL00339,sell00339@seller.example.com,Seller 339,Campinas,MG,69523
SELL00340,sell00340@seller.example.com,Seller 340,Belo Horizonte,MG,85043
SELL00341,sell00341@seller.example.com,Seller 341,Sao Paulo,GO,73477
SELL00342,sell00342@seller.example.com,Seller 342,Campinas,BA,81244
SELL00343,sell00343@seller.example.com,Seller 343,Sao Paulo,RS,80067
SELL00344,sell00344@seller.example.com,Seller 344,Brasilia,SC,73101
SELL00345,sell00345@seller.example.com,Seller 345,Porto Alegre,DF,41782
SELL00346,sell00346@seller.example.com,Seller 346,Brasilia,MG,39904
SELL00347,sell00347@seller.example.com,Seller 347,Salvador,ES,94073
SELL00348,sell00348@seller.example.com,Seller 348,Campinas,ES,95240
SELL00349,sell00349@seller.example.com,Seller 349,Rio de Janeiro,MG,76102
SELL00350,sell00350@seller.example.com,Seller 350,Campinas,SC,45503
SELL00351,sell00351@seller.example.com,Seller 351,Goiania,PR,86245
SELL00352,sell00352@seller.example.com,Seller 352,Porto Alegre,RS,92644
SELL00353,sell00353@seller.example.com,Seller 353,Porto Alegre,DF,63200
SELL00354,sell00354@seller.example.com,Seller 354,Sao Paulo,GO,72927
SELL00355,sell00355@seller.example.com,Seller 355,Florianopolis,ES,62050
SELL00356,sell00356@seller.example.com,Seller 356,Goiania,ES,44232
SELL00357,sell00357@seller.example.com,Seller 357,Goiania,PR,90656
SELL00358,sell00358@seller.example.com,Seller 358,Goiania,PR,74021
SELL00359,sell00359@seller.example.com,Seller 359,Goiania,MG,52914
SELL00360,sell00360@seller.example.com,Seller 360,Belo Horizonte,ES,73856
SELL00361,sell00361@seller.example.com,Seller 361,Goiania,SP,56798
SELL00362,sell00362@seller.example.com,Seller 362,Belo Horizonte,MG,58786
SELL00363,sell00363@seller.example.com,Seller 363,Belo Horizonte,BA,48382
SELL00364,sell00364@seller.example.com,Seller 364,Curitiba,BA,33473
SELL00365,sell00365@seller.example.com,Seller 365,Campinas,PR,42921
SELL00366,sell00366@seller.example.com,Seller 366,Brasilia,SC,39995
SELL00367,sell00367@seller.example.com,Seller 367,Florianopolis,RS,30450
SELL00368,sell00368@seller.example.com,Seller 368,Brasilia,DF,59302
SELL00369,sell00369@seller.example.com,Seller 369,Brasilia,RS,83673
SELL00370,sell00370@seller.example.com,Seller 370,Sao Paulo,GO,25765
SELL00371,sell00371@seller.example.com,Seller 371,Campinas,SC,84806
SELL00372,sell00372@seller.example.com,Seller 372,Sao Paulo,PR,76314
SELL00373,sell00373@seller.example.com,Seller 373,Rio de Janeiro,GO,56390
SELL00374,sell00374@seller.example.com,Seller 374,Campinas,SC,30633
SELL00375,sell00375@seller.example.com,Seller 375,Salvador,MG,63120
SELL00376,sell00376@seller.example.com,Seller 376,Goiania,MG,50435
SELL00377,sell00377@seller.example.com,Seller 377,Sao Paulo,GO,89843
SELL00378,sell00378@seller.example.com,Seller 378,Belo Horizonte,BA,17357
SELL00379,sell00379@seller.example.com,Seller 379,Sao Paulo,SP,78089
SELL00380,sell00380@seller.example.com,Seller 380,Porto Alegre,SP,38820
SELL00381,sell00381@seller.example.com,Seller 381,Curitiba,SP,30487
SELL00382,sell00382@seller.example.com,Seller 382,Brasilia,SC,89507
SELL00383,sell00383@seller.example.com,Seller 383,Campinas,RS,32188
SELL00384,sell00384@seller.example.com,Seller 384,Curitiba,SC,88416
SELL00385,sell00385@seller.example.com,Seller 385,Belo Horizonte,SP,41310
SELL00386,sell00386@seller.example.com,Seller 386,Curitiba,RS,14564
SELL00387,sell00387@seller.example.com,Seller 387,Belo Horizonte,RS,98635
SELL00388,sell00388@seller.example.com,Seller 388,Florianopolis,RJ,30062
SELL00389,sell00389@seller.example.com,Seller 389,Sao Paulo,SP,89671
SELL00390,sell00390@seller.example.com,Seller 390,Rio de Janeiro,DF,22415
SELL00391,sell00391@seller.example.com,Seller 391,Brasilia,SC,79241
SELL00392,sell00392@seller.example.com,Seller 392,Belo Horizonte,RS,19044
SELL00393,sell00393@seller.example.com,Seller 393,Curitiba,RJ,46950
SELL00394,sell00394@seller.example.com,Seller 394,Sao Paulo,PR,30349
SELL00395,sell00395@seller.example.com,Seller 395,Belo Horizonte,ES,47968
SELL00396,sell00396@seller.example.com,Seller 396,Sao Paulo,BA,32717
SELL00397,sell00397@seller.example.com,Seller 397,Goiania,RS,72263
SELL00398,sell00398@seller.example.com,Seller 398,Porto Alegre,PR,66917
SELL00399,sell00399@seller.example.com,Seller 399,Sao Paulo,DF,48371
SELL00400,sell00400@seller.example.com,Seller 400,Campinas,PR,80010
