"warehouse_id,warehouse_name,address,city,capacity_m3,phone,email,status"
"WH001,Sao Paulo Central Warehouse,Av. Paulista 1000,Sao Paulo,12500,+55 11 3000-1001,wh001@warehouse.example,Active"
"WH002,Rio de Janeiro Port Warehouse,Av. Rodrigues Alves 500,Rio de Janeiro,9800,+55 21 3000-1002,wh002@warehouse.example,Active"
"WH003,Brasília Distribution Center,Setor de Armazenagem Quadra 4,Brasília,7600,+55 61 3000-1003,wh003@warehouse.example,Active"
"WH004,Salvador Logistics Hub,Av. Luís Viana 2500,Salvador,8400,+55 71 3000-1004,wh004@warehouse.example,Active"
"WH005,Fortaleza Regional Warehouse,Av. Washington Soares 1800,Fortaleza,6900,+55 85 3000-1005,wh005@warehouse.example,Active"
"WH006,Belo Horizonte Storage Center,Av. Amazonas 3200,Belo Horizonte,7200,+55 31 3000-1006,wh006@warehouse.example,Active"
"WH007,Curitiba Freight Warehouse,Rodovia BR-100"",Curitiba,8100,+55 41 3000-1007,wh007@warehouse.example,Active"
"WH008,Manaus Northern Hub,Av. Torquato Tapajós 4500,Manaus,6300,+55 92 3000-1008,wh008@warehouse.example,Active"
"WH009,Recife Coastal Warehouse,Av. Recife  5200,Recife,5700,+55 81 3000-1009,wh009@warehouse.example,Active"
"WH010,Porto Alegre South Warehouse,Av. Assis Brasil 4000,Porto Alegre,6600,+55 51 3000-1010,wh010@warehouse.example,Active"
"WH011,Campinas Overflow Warehouse,Rodovia Anhanguera km 95,Campinas,4200,+55 19 3000-1011,wh011@warehouse.example,Inactive"
"WH012,Goiânia Legacy Warehouse,Av. Perimetral Norte 2200,Goiânia,3900,+55 62 3000-1012,wh012@warehouse.example,Inactive"
