product_id,supplier_id,unit_cost
PROD00001,SUP0061,36.65
PROD00002,SUP0011,61.08
PROD00003,SUP0130,148.06
PROD00004,SUP0005,26.59
PROD00005,SUP0064,90.84
PROD00006,SUP0017,10.14
PROD00007,SUP0101,61.09
PROD00008,SUP0079,31.14
PROD00009,SUP0087,32.46
PROD00010,SUP0043,94.26
PROD00011,SUP0082,104.13
PROD00012,SUP0034,113.4
PROD00013,SUP0072,51.36
PROD00014,SUP0109,20.79
PROD00015,SUP0030,45.91
PROD00016,SUP0060,84.4
PROD00017,SUP0075,63.09
PROD00018,SUP0085,118.86
PROD00019,SUP0049,61.49
PROD00020,SUP0091,26.44
PROD00021,SUP0108,10.47
PROD00022,SUP0090,75.82
PROD00023,SUP0053,55.19
PROD00024,SUP0038,19.79
PROD00025,SUP0071,56.83
PROD00026,SUP0004,185.55
PROD00027,SUP0049,71.87
PROD00028,SUP0085,93.55
PROD00029,SUP0064,104.38
PROD00030,SUP0115,8.47
PROD00031,SUP0024,233.38
PROD00032,SUP0065,25.61
PROD00033,SUP0052,32.16
PROD00034,SUP0114,38.06
PROD00035,SUP0071,37.89
PROD00036,SUP0025,147.74
PROD00037,SUP0050,48.99
PROD00038,SUP0140,19.48
PROD00039,SUP0020,30.08
PROD00040,SUP0140,289.31
PROD00041,SUP0019,46.79
PROD00042,SUP0102,42.49
PROD00043,SUP0062,15.43
PROD00044,SUP0115,11.13
PROD00045,SUP0007,23.28
PROD00046,SUP0068,32.87
PROD00047,SUP0087,77.1
PROD00048,SUP0093,97.23
PROD00049,SUP0080,130.33
PROD00050,SUP0082,83.99
PROD00051,SUP0058,20.87
PROD00052,SUP0139,42.48
PROD00053,SUP0087,75.44
PROD00054,SUP0012,36.46
PROD00055,SUP0084,43.19
PROD00056,SUP0035,36.54
PROD00057,SUP0097,15.53
PROD00058,SUP0037,19.94
PROD00059,SUP0024,302.26
PROD00060,SUP0133,16.09
PROD00061,SUP0051,11.2
PROD00062,SUP0111,28.61
PROD00063,SUP0072,80.87
PROD00064,SUP0018,55.4
PROD00065,SUP0120,26.14
PROD00066,SUP0121,58.45
PROD00067,SUP0104,21.38
PROD00068,SUP0077,45.93
PROD00069,SUP0033,29.02
PROD00070,SUP0041,19.34
PROD00071,SUP0001,29.46
PROD00072,SUP0063,5.64
PROD00073,SUP0122,40.22
PROD00074,SUP0082,52.18
PROD00075,SUP0080,13.06
PROD00076,SUP0024,33.96
PROD00077,SUP0094,27.07
PROD00078,SUP0054,11.8
PROD00079,SUP0006,31.35
PROD00080,SUP0146,27.55
PROD00081,SUP0069,37.54
PROD00082,SUP0075,107.67
PROD00083,SUP0046,35.47
PROD00084,SUP0113,120.65
PROD00085,SUP0120,43.56
PROD00086,SUP0099,81.13
PROD00087,SUP0138,47.36
PROD00088,SUP0082,339.16
PROD00089,SUP0023,28.31
PROD00090,SUP0037,62.77
PROD00091,SUP0088,42.4
PROD00092,SUP0072,74.51
PROD00093,SUP0143,69.32
PROD00094,SUP0032,78.14
PROD00095,SUP0104,19.97
PROD00096,SUP0031,18.39
PROD00097,SUP0105,27.24
PROD00098,SUP0142,26.34
PROD00099,SUP0014,34.6
PROD00100,SUP0051,22.61
PROD00101,SUP0042,7.92
PROD00102,SUP0106,73.96
PROD00103,SUP0077,72.99
PROD00104,SUP0050,61.48
PROD00105,SUP0031,93.22
PROD00106,SUP0018,29.34
PROD00107,SUP0024,34.43
PROD00108,SUP0016,54.85
PROD00109,SUP0139,22.52
PROD00110,SUP0150,19.21
PROD00111,SUP0051,67.77
PROD00112,SUP0014,42.38
PROD00113,SUP0099,97.06
PROD00114,SUP0105,20.88
PROD00115,SUP0083,67.79
PROD00116,SUP0139,20.7
PROD00117,SUP0098,61.46
PROD00118,SUP0124,252.98
PROD00119,SUP0142,119.48
PROD00120,SUP0109,64.15
PROD00121,SUP0078,128.01
PROD00122,SUP0120,22.7
PROD00123,SUP0026,44.11
PROD00124,SUP0077,29.41
PROD00125,SUP0019,40.58
PROD00126,SUP0078,194.38
PROD00127,SUP0042,48.55
PROD00128,SUP0106,123.79
PROD00129,SUP0011,49.78
PROD00130,SUP0098,135.19
PROD00131,SUP0040,51.77
PROD00132,SUP0118,51.84
PROD00133,SUP0004,41.3
PROD00134,SUP0097,70.27
PROD00135,SUP0138,32.73
PROD00136,SUP0102,17.26
PROD00137,SUP0087,33.74
PROD00138,SUP0008,53.08
PROD00139,SUP0103,148.49
PROD00140,SUP0076,10.22
PROD00141,SUP0018,165.59
PROD00142,SUP0067,112.97
PROD00143,SUP0113,54.03
PROD00144,SUP0132,50.51
PROD00145,SUP0021,23.85
PROD00146,SUP0073,269.17
PROD00147,SUP0044,139.63
PROD00148,SUP0061,51.51
PROD00149,SUP0092,46.37
PROD00150,SUP0127,37.75
PROD00151,SUP0119,75.3
PROD00152,SUP0068,27.7
PROD00153,SUP0120,74.48
PROD00154,SUP0026,56.37
PROD00155,SUP0066,380.64
PROD00156,SUP0085,22.17
PROD00157,SUP0018,56.92
PROD00158,SUP0066,142.17
PROD00159,SUP0135,73.4
PROD00160,SUP0126,82.96
PROD00161,SUP0148,520.53
PROD00162,SUP0121,128.04
PROD00163,SUP0096,25.52
PROD00164,SUP0079,28.91
PROD00165,SUP0058,37.19
PROD00166,SUP0050,22.97
PROD00167,SUP0126,34.3
PROD00168,SUP0071,58.95
PROD00169,SUP0024,51.01
PROD00170,SUP0081,6.64
PROD00171,SUP0103,22.54
PROD00172,SUP0005,74.34
PROD00173,SUP0001,173.35
PROD00174,SUP0043,22.01
PROD00175,SUP0125,42.22
PROD00176,SUP0068,37.84
PROD00177,SUP0041,192.96
PROD00178,SUP0125,40.18
PROD00179,SUP0149,9.82
PROD00180,SUP0020,181.6
PROD00181,SUP0148,67.81
PROD00182,SUP0037,21.29
PROD00183,SUP0081,37.67
PROD00184,SUP0073,18.19
PROD00185,SUP0127,43.43
PROD00186,SUP0009,174.43
PROD00187,SUP0081,6.65
PROD00188,SUP0119,45.44
PROD00189,SUP0091,39.46
PROD00190,SUP0063,54.96
PROD00191,SUP0026,26.34
PROD00192,SUP0039,117.08
PROD00193,SUP0143,47.65
PROD00194,SUP0058,40.13
PROD00195,SUP0108,69.42
PROD00196,SUP0031,45.12
PROD00197,SUP0104,28.16
PROD00198,SUP0109,20.21
PROD00199,SUP0117,333.43
PROD00200,SUP0037,102.81
PROD00201,SUP0062,21.46
PROD00202,SUP0047,137.73
PROD00203,SUP0056,88.1
PROD00204,SUP0017,52.37
PROD00205,SUP0138,20.43
PROD00206,SUP0043,17.65
PROD00207,SUP0142,129.08
PROD00208,SUP0119,89.29
PROD00209,SUP0113,10.6
PROD00210,SUP0137,42.38
PROD00211,SUP0073,78.11
PROD00212,SUP0011,81.89
PROD00213,SUP0142,54.16
PROD00214,SUP0014,41.68
PROD00215,SUP0029,51.62
PROD00216,SUP0139,35.63
PROD00217,SUP0143,60.2
PROD00218,SUP0014,167.47
PROD00219,SUP0127,21.61
PROD00220,SUP0003,52.87
PROD00221,SUP0140,48.89
PROD00222,SUP0058,35.28
PROD00223,SUP0014,46.28
PROD00224,SUP0041,171.2
PROD00225,SUP0017,95.18
PROD00226,SUP0098,29.36
PROD00227,SUP0087,60.77
PROD00228,SUP0025,23.47
PROD00229,SUP0032,13.19
PROD00230,SUP0043,5.73
PROD00231,SUP0057,44.52
PROD00232,SUP0127,40.39
PROD00233,SUP0057,129.17
PROD00234,SUP0051,49.11
PROD00235,SUP0135,37.31
PROD00236,SUP0130,40.21
PROD00237,SUP0048,60.78
PROD00238,SUP0007,160.63
PROD00239,SUP0067,11.08
PROD00240,SUP0071,32.51
PROD00241,SUP0091,141.08
PROD00242,SUP0150,24.32
PROD00243,SUP0005,58.59
PROD00244,SUP0066,24.0
PROD00245,SUP0048,43.21
PROD00246,SUP0024,7.07
PROD00247,SUP0086,78.1
PROD00248,SUP0087,59.53
PROD00249,SUP0055,11.67
PROD00250,SUP0117,45.59
PROD00251,SUP0143,44.96
PROD00252,SUP0124,19.65
PROD00253,SUP0062,203.83
PROD00254,SUP0150,49.21
PROD00255,SUP0078,156.64
PROD00256,SUP0025,47.4
PROD00257,SUP0078,10.5
PROD00258,SUP0085,8.37
PROD00259,SUP0097,25.04
PROD00260,SUP0009,172.78
PROD00261,SUP0122,20.93
PROD00262,SUP0139,119.68
PROD00263,SUP0049,12.95
PROD00264,SUP0088,17.16
PROD00265,SUP0053,20.53
PROD00266,SUP0138,56.6
PROD00267,SUP0002,13.83
PROD00268,SUP0087,17.15
PROD00269,SUP0032,36.48
PROD00270,SUP0096,15.39
PROD00271,SUP0146,13.25
PROD00272,SUP0016,51.29
PROD00273,SUP0016,15.1
PROD00274,SUP0055,103.25
PROD00275,SUP0059,77.18
PROD00276,SUP0055,34.87
PROD00277,SUP0083,60.22
PROD00278,SUP0040,37.47
PROD00279,SUP0129,123.22
PROD00280,SUP0011,21.38
PROD00281,SUP0083,55.76
PROD00282,SUP0133,54.78
PROD00283,SUP0021,52.85
PROD00284,SUP0055,20.56
PROD00285,SUP0148,76.98
PROD00286,SUP0122,31.63
PROD00287,SUP0023,28.83
PROD00288,SUP0010,21.24
PROD00289,SUP0101,22.02
PROD00290,SUP0034,37.09
PROD00291,SUP0064,41.86
PROD00292,SUP0108,59.82
PROD00293,SUP0085,43.34
PROD00294,SUP0064,137.06
PROD00295,SUP0044,56.16
PROD00296,SUP0111,9.05
PROD00297,SUP0150,19.95
PROD00298,SUP0145,71.99
PROD00299,SUP0042,41.43
PROD00300,SUP0007,32.23
PROD00301,SUP0128,21.33
PROD00302,SUP0022,30.99
PROD00303,SUP0050,24.12
PROD00304,SUP0016,50.47
PROD00305,SUP0077,34.17
PROD00306,SUP0125,88.09
PROD00307,SUP0058,19.59
PROD00308,SUP0069,57.5
PROD00309,SUP0039,13.07
PROD00310,SUP0061,55.33
PROD00311,SUP0102,18.08
PROD00312,SUP0128,89.02
PROD00313,SUP0102,9.38
PROD00314,SUP0134,19.57
PROD00315,SUP0005,106.78
PROD00316,SUP0135,186.51
PROD00317,SUP0079,7.43
PROD00318,SUP0082,16.24
PROD00319,SUP0021,216.74
PROD00320,SUP0040,45.21
PROD00321,SUP0104,22.32
PROD00322,SUP0048,106.69
PROD00323,SUP0122,80.51
PROD00324,SUP0108,59.06
PROD00325,SUP0084,12.51
PROD00326,SUP0011,231.96
PROD00327,SUP0143,57.68
PROD00328,SUP0026,29.6
PROD00329,SUP0131,107.59
PROD00330,SUP0146,16.4
PROD00331,SUP0020,23.36
PROD00332,SUP0059,21.18
PROD00333,SUP0103,30.08
PROD00334,SUP0138,57.88
PROD00335,SUP0084,53.76
PROD00336,SUP0026,17.6
PROD00337,SUP0140,69.18
PROD00338,SUP0071,20.12
PROD00339,SUP0097,29.75
PROD00340,SUP0108,77.86
PROD00341,SUP0018,87.81
PROD00342,SUP0048,80.95
PROD00343,SUP0127,18.83
PROD00344,SUP0042,235.08
PROD00345,SUP0076,65.74
PROD00346,SUP0032,22.83
PROD00347,SUP0138,151.57
PROD00348,SUP0101,54.18
PROD00349,SUP0107,19.85
PROD00350,SUP0131,67.16
PROD00351,SUP0120,21.1
PROD00352,SUP0048,11.79
PROD00353,SUP0049,22.93
PROD00354,SUP0058,148.18
PROD00355,SUP0144,100.22
PROD00356,SUP0113,29.28
PROD00357,SUP0092,44.86
PROD00358,SUP0045,142.17
PROD00359,SUP0098,81.25
PROD00360,SUP0080,49.93
PROD00361,SUP0104,67.73
PROD00362,SUP0090,64.35
PROD00363,SUP0022,55.16
PROD00364,SUP0088,202.86
PROD00365,SUP0007,34.22
PROD00366,SUP0149,46.94
PROD00367,SUP0065,6.01
PROD00368,SUP0124,122.79
PROD00369,SUP0130,20.5
PROD00370,SUP0017,5.96
PROD00371,SUP0048,49.97
PROD00372,SUP0147,38.62
PROD00373,SUP0047,48.73
PROD00374,SUP0142,77.1
PROD00375,SUP0056,20.18
PROD00376,SUP0002,455.13
PROD00377,SUP0011,41.67
PROD00378,SUP0032,8.98
PROD00379,SUP0110,129.12
PROD00380,SUP0043,92.16
PROD00381,SUP0073,70.05
PROD00382,SUP0034,27.31
PROD00383,SUP0047,45.73
PROD00384,SUP0009,8.05
PROD00385,SUP0131,26.21
PROD00386,SUP0021,347.92
PROD00387,SUP0123,17.3
PROD00388,SUP0099,50.1
PROD00389,SUP0105,8.01
PROD00390,SUP0053,31.98
PROD00391,SUP0119,20.3
PROD00392,SUP0150,66.25
PROD00393,SUP0058,56.99
PROD00394,SUP0008,17.79
PROD00395,SUP0137,37.46
PROD00396,SUP0139,33.95
PROD00397,SUP0037,64.8
PROD00398,SUP0115,111.06
PROD00399,SUP0020,161.77
PROD00400,SUP0116,21.38
PROD00401,SUP0087,43.15
PROD00402,SUP0137,31.07
PROD00403,SUP0046,19.96
PROD00404,SUP0124,18.89
PROD00405,SUP0026,47.68
PROD00406,SUP0016,257.11
PROD00407,SUP0050,20.36
PROD00408,SUP0084,243.48
PROD00409,SUP0016,27.5
PROD00410,SUP0088,151.29
PROD00411,SUP0122,49.52
PROD00412,SUP0144,37.26
PROD00413,SUP0113,38.43
PROD00414,SUP0059,49.38
PROD00415,SUP0096,32.19
PROD00416,SUP0057,82.5
PROD00417,SUP0113,114.44
PROD00418,SUP0036,17.76
PROD00419,SUP0042,15.1
PROD00420,SUP0054,26.72
PROD00421,SUP0088,158.23
PROD00422,SUP0052,53.33
PROD00423,SUP0021,132.8
PROD00424,SUP0040,16.82
PROD00425,SUP0144,24.48
PROD00426,SUP0083,30.25
PROD00427,SUP0020,21.53
PROD00428,SUP0122,60.4
PROD00429,SUP0124,19.38
PROD00430,SUP0102,78.67
PROD00431,SUP0133,62.34
PROD00432,SUP0143,158.71
PROD00433,SUP0040,9.37
PROD00434,SUP0074,21.63
PROD00435,SUP0075,22.14
PROD00436,SUP0044,52.92
PROD00437,SUP0057,37.07
PROD00438,SUP0114,161.11
PROD00439,SUP0040,51.74
PROD00440,SUP0110,18.93
PROD00441,SUP0024,29.37
PROD00442,SUP0098,26.4
PROD00443,SUP0040,93.35
PROD00444,SUP0149,42.48
PROD00445,SUP0147,17.14
PROD00446,SUP0142,39.74
PROD00447,SUP0101,31.54
PROD00448,SUP0020,21.05
PROD00449,SUP0057,34.51
PROD00450,SUP0148,34.39
PROD00451,SUP0117,25.98
PROD00452,SUP0031,38.12
PROD00453,SUP0029,27.01
PROD00454,SUP0052,48.58
PROD00455,SUP0075,18.45
PROD00456,SUP0074,115.81
PROD00457,SUP0112,43.52
PROD00458,SUP0018,219.65
PROD00459,SUP0137,33.11
PROD00460,SUP0126,64.79
PROD00461,SUP0061,94.76
PROD00462,SUP0058,88.16
PROD00463,SUP0076,42.83
PROD00464,SUP0001,77.86
PROD00465,SUP0074,44.71
PROD00466,SUP0066,40.92
PROD00467,SUP0045,51.57
PROD00468,SUP0025,87.18
PROD00469,SUP0134,48.47
PROD00470,SUP0115,22.48
PROD00471,SUP0059,237.11
PROD00472,SUP0142,59.57
PROD00473,SUP0077,26.46
PROD00474,SUP0126,37.12
PROD00475,SUP0088,20.26
PROD00476,SUP0126,23.35
PROD00477,SUP0048,100.21
PROD00478,SUP0047,23.79
PROD00479,SUP0138,263.24
PROD00480,SUP0046,13.21
PROD00481,SUP0074,37.58
PROD00482,SUP0008,19.74
PROD00483,SUP0082,74.53
PROD00484,SUP0076,79.83
PROD00485,SUP0149,79.1
PROD00486,SUP0114,18.69
PROD00487,SUP0139,61.03
PROD00488,SUP0011,22.9
PROD00489,SUP0129,45.19
PROD00490,SUP0015,20.11
PROD00491,SUP0028,10.49
PROD00492,SUP0058,95.68
PROD00493,SUP0072,48.25
PROD00494,SUP0038,71.47
PROD00495,SUP0038,97.23
PROD00496,SUP0046,109.86
PROD00497,SUP0053,29.38
PROD00498,SUP0030,15.39
PROD00499,SUP0132,136.25
PROD00500,SUP0130,49.21
PROD00501,SUP0063,113.46
PROD00502,SUP0085,19.46
PROD00503,SUP0125,78.36
PROD00504,SUP0121,43.14
PROD00505,SUP0058,44.38
PROD00506,SUP0092,46.06
PROD00507,SUP0009,12.65
PROD00508,SUP0098,99.68
PROD00509,SUP0147,23.84
PROD00510,SUP0093,41.72
PROD00511,SUP0120,283.47
PROD00512,SUP0114,35.73
PROD00513,SUP0044,31.5
PROD00514,SUP0073,36.6
PROD00515,SUP0007,27.91
PROD00516,SUP0031,26.8
PROD00517,SUP0067,53.28
PROD00518,SUP0136,85.34
PROD00519,SUP0073,49.76
PROD00520,SUP0053,82.74
PROD00521,SUP0015,46.44
PROD00522,SUP0008,26.98
PROD00523,SUP0124,32.88
PROD00524,SUP0087,31.8
PROD00525,SUP0046,151.35
PROD00526,SUP0100,30.73
PROD00527,SUP0007,53.58
PROD00528,SUP0078,17.19
PROD00529,SUP0010,45.71
PROD00530,SUP0085,48.59
PROD00531,SUP0098,31.11
PROD00532,SUP0104,42.12
PROD00533,SUP0048,17.87
PROD00534,SUP0097,40.46
PROD00535,SUP0141,7.08
PROD00536,SUP0095,27.46
PROD00537,SUP0053,74.01
PROD00538,SUP0099,30.45
PROD00539,SUP0009,19.19
PROD00540,SUP0070,35.96
PROD00541,SUP0104,136.37
PROD00542,SUP0142,49.08
PROD00543,SUP0014,110.96
PROD00544,SUP0100,72.89
PROD00545,SUP0090,28.84
PROD00546,SUP0138,17.1
PROD00547,SUP0039,102.18
PROD00548,SUP0018,29.15
PROD00549,SUP0122,28.46
PROD00550,SUP0074,45.98
PROD00551,SUP0070,49.91
PROD00552,SUP0069,6.49
PROD00553,SUP0047,15.57
PROD00554,SUP0136,115.86
PROD00555,SUP0107,48.2
PROD00556,SUP0025,84.85
PROD00557,SUP0114,31.09
PROD00558,SUP0100,15.02
PROD00559,SUP0067,83.81
PROD00560,SUP0087,154.92
PROD00561,SUP0108,17.95
PROD00562,SUP0098,128.43
PROD00563,SUP0117,22.59
PROD00564,SUP0068,11.05
PROD00565,SUP0123,79.27
PROD00566,SUP0047,27.36
PROD00567,SUP0117,23.05
PROD00568,SUP0053,14.56
PROD00569,SUP0019,44.01
PROD00570,SUP0026,7.63
PROD00571,SUP0089,46.24
PROD00572,SUP0042,70.72
PROD00573,SUP0134,64.92
PROD00574,SUP0060,115.08
PROD00575,SUP0100,78.56
PROD00576,SUP0035,23.21
PROD00577,SUP0140,49.83
PROD00578,SUP0090,103.73
PROD00579,SUP0125,77.61
PROD00580,SUP0136,70.87
PROD00581,SUP0027,40.03
PROD00582,SUP0028,30.37
PROD00583,SUP0136,45.58
PROD00584,SUP0014,24.92
PROD00585,SUP0105,81.06
PROD00586,SUP0150,41.04
PROD00587,SUP0072,91.57
PROD00588,SUP0132,12.93
PROD00589,SUP0119,27.19
PROD00590,SUP0035,20.06
PROD00591,SUP0115,12.71
PROD00592,SUP0117,45.92
PROD00593,SUP0107,17.43
PROD00594,SUP0119,38.26
PROD00595,SUP0122,18.91
PROD00596,SUP0098,31.02
PROD00597,SUP0148,79.06
PROD00598,SUP0074,16.15
PROD00599,SUP0117,39.48
PROD00600,SUP0038,60.33
PROD00601,SUP0111,87.83
PROD00602,SUP0048,27.87
PROD00603,SUP0045,62.85
PROD00604,SUP0096,72.2
PROD00605,SUP0118,22.7
PROD00606,SUP0082,18.04
PROD00607,SUP0112,28.57
PROD00608,SUP0033,67.19
PROD00609,SUP0059,57.06
PROD00610,SUP0015,34.76
PROD00611,SUP0035,17.1
PROD00612,SUP0058,63.87
PROD00613,SUP0024,37.37
PROD00614,SUP0032,48.93
PROD00615,SUP0104,44.14
PROD00616,SUP0108,214.48
PROD00617,SUP0123,26.95
PROD00618,SUP0106,19.48
PROD00619,SUP0139,37.24
PROD00620,SUP0096,114.78
PROD00621,SUP0047,50.99
PROD00622,SUP0008,41.09
PROD00623,SUP0083,59.33
PROD00624,SUP0041,147.68
PROD00625,SUP0008,34.6
PROD00626,SUP0124,44.21
PROD00627,SUP0026,115.97
PROD00628,SUP0147,36.1
PROD00629,SUP0108,28.23
PROD00630,SUP0137,13.37
PROD00631,SUP0102,66.61
PROD00632,SUP0099,19.35
PROD00633,SUP0007,16.51
PROD00634,SUP0006,32.35
PROD00635,SUP0098,74.08
PROD00636,SUP0061,50.53
PROD00637,SUP0016,28.79
PROD00638,SUP0014,13.24
PROD00639,SUP0121,71.9
PROD00640,SUP0135,79.38
PROD00641,SUP0066,85.51
PROD00642,SUP0031,48.64
PROD00643,SUP0029,44.29
PROD00644,SUP0081,27.32
PROD00645,SUP0079,62.84
PROD00646,SUP0060,14.82
PROD00647,SUP0006,45.92
PROD00648,SUP0134,66.35
PROD00649,SUP0027,33.36
PROD00650,SUP0098,59.64
PROD00651,SUP0078,52.89
PROD00652,SUP0017,98.79
PROD00653,SUP0074,20.39
PROD00654,SUP0113,115.78
PROD00655,SUP0062,60.26
PROD00656,SUP0066,279.24
PROD00657,SUP0056,189.66
PROD00658,SUP0021,127.38
PROD00659,SUP0099,37.54
PROD00660,SUP0092,14.99
PROD00661,SUP0036,22.14
PROD00662,SUP0084,72.98
PROD00663,SUP0135,158.77
PROD00664,SUP0150,14.28
PROD00665,SUP0109,14.65
PROD00666,SUP0114,35.54
PROD00667,SUP0148,17.08
PROD00668,SUP0032,21.75
PROD00669,SUP0147,80.9
PROD00670,SUP0028,74.07
PROD00671,SUP0086,96.34
PROD00672,SUP0066,23.5
PROD00673,SUP0042,11.35
PROD00674,SUP0054,30.3
PROD00675,SUP0067,5.36
PROD00676,SUP0064,53.23
PROD00677,SUP0024,91.52
PROD00678,SUP0012,23.02
PROD00679,SUP0069,59.13
PROD00680,SUP0084,57.08
PROD00681,SUP0016,11.86
PROD00682,SUP0147,40.22
PROD00683,SUP0031,39.28
PROD00684,SUP0108,85.25
PROD00685,SUP0003,92.26
PROD00686,SUP0079,48.41
PROD00687,SUP0055,36.68
PROD00688,SUP0139,173.1
PROD00689,SUP0016,38.86
PROD00690,SUP0115,80.18
PROD00691,SUP0039,175.39
PROD00692,SUP0107,86.12
PROD00693,SUP0119,39.96
PROD00694,SUP0052,20.86
PROD00695,SUP0111,13.96
PROD00696,SUP0129,8.94
PROD00697,SUP0121,79.8
PROD00698,SUP0072,12.48
PROD00699,SUP0019,95.24
PROD00700,SUP0090,105.03
PROD00701,SUP0116,17.02
PROD00702,SUP0011,64.24
PROD00703,SUP0096,69.03
PROD00704,SUP0095,48.57
PROD00705,SUP0144,160.85
PROD00706,SUP0017,18.84
PROD00707,SUP0011,59.63
PROD00708,SUP0116,36.52
PROD00709,SUP0115,7.93
PROD00710,SUP0030,11.61
PROD00711,SUP0025,30.15
PROD00712,SUP0098,54.6
PROD00713,SUP0108,17.36
PROD00714,SUP0149,20.76
PROD00715,SUP0130,40.84
PROD00716,SUP0005,30.0
PROD00717,SUP0066,32.5
PROD00718,SUP0023,95.33
PROD00719,SUP0146,208.1
PROD00720,SUP0058,43.37
PROD00721,SUP0060,35.65
PROD00722,SUP0015,51.45
PROD00723,SUP0085,36.57
PROD00724,SUP0067,87.16
PROD00725,SUP0008,113.99
PROD00726,SUP0064,17.75
PROD00727,SUP0115,135.76
PROD00728,SUP0127,194.76
PROD00729,SUP0074,12.86
PROD00730,SUP0129,107.47
PROD00731,SUP0042,171.07
PROD00732,SUP0139,58.53
PROD00733,SUP0069,37.08
PROD00734,SUP0129,85.0
PROD00735,SUP0083,22.85
PROD00736,SUP0069,33.22
PROD00737,SUP0092,27.31
PROD00738,SUP0005,17.0
PROD00739,SUP0087,52.96
PROD00740,SUP0081,68.0
PROD00741,SUP0132,94.54
PROD00742,SUP0145,8.7
PROD00743,SUP0123,35.74
PROD00744,SUP0054,43.02
PROD00745,SUP0116,11.97
PROD00746,SUP0089,33.57
PROD00747,SUP0081,110.2
PROD00748,SUP0078,59.95
PROD00749,SUP0023,43.72
PROD00750,SUP0024,105.37
PROD00751,SUP0017,335.65
PROD00752,SUP0052,39.44
PROD00753,SUP0046,69.88
PROD00754,SUP0118,19.11
PROD00755,SUP0078,280.55
PROD00756,SUP0079,19.88
PROD00757,SUP0019,7.77
PROD00758,SUP0127,97.16
PROD00759,SUP0069,12.74
PROD00760,SUP0017,149.6
PROD00761,SUP0097,91.06
PROD00762,SUP0103,25.9
PROD00763,SUP0134,53.75
PROD00764,SUP0025,39.33
PROD00765,SUP0145,68.98
PROD00766,SUP0033,17.24
PROD00767,SUP0139,11.36
PROD00768,SUP0028,69.25
PROD00769,SUP0106,175.08
PROD00770,SUP0041,21.33
PROD00771,SUP0059,28.96
PROD00772,SUP0133,27.09
PROD00773,SUP0085,15.53
PROD00774,SUP0030,60.46
PROD00775,SUP0090,113.87
PROD00776,SUP0056,87.66
PROD00777,SUP0003,48.34
PROD00778,SUP0113,18.25
PROD00779,SUP0012,176.17
PROD00780,SUP0135,25.82
PROD00781,SUP0026,28.64
PROD00782,SUP0056,9.92
PROD00783,SUP0013,9.57
PROD00784,SUP0081,43.07
PROD00785,SUP0016,29.12
PROD00786,SUP0104,22.43
PROD00787,SUP0082,20.06
PROD00788,SUP0132,29.43
PROD00789,SUP0040,35.11
PROD00790,SUP0051,95.27
PROD00791,SUP0126,40.61
PROD00792,SUP0039,48.71
PROD00793,SUP0083,52.22
PROD00794,SUP0063,64.74
PROD00795,SUP0060,32.32
PROD00796,SUP0110,21.65
PROD00797,SUP0128,92.81
PROD00798,SUP0098,44.27
PROD00799,SUP0052,31.62
PROD00800,SUP0049,5.74
PROD00801,SUP0066,22.11
PROD00802,SUP0041,20.22
PROD00803,SUP0143,27.33
PROD00804,SUP0057,12.37
PROD00805,SUP0110,136.05
PROD00806,SUP0049,78.75
PROD00807,SUP0006,61.71
PROD00808,SUP0069,26.37
PROD00809,SUP0031,17.56
PROD00810,SUP0142,13.4
PROD00811,SUP0097,85.69
PROD00812,SUP0045,95.6
PROD00813,SUP0096,75.57
PROD00814,SUP0012,19.73
PROD00815,SUP0150,28.7
PROD00816,SUP0078,28.36
PROD00817,SUP0035,12.74
PROD00818,SUP0099,121.0
PROD00819,SUP0013,12.4
PROD00820,SUP0021,27.33
PROD00821,SUP0142,10.4
PROD00822,SUP0138,29.89
PROD00823,SUP0097,43.84
PROD00824,SUP0072,120.0
PROD00825,SUP0004,28.4
PROD00826,SUP0055,18.36
PROD00827,SUP0115,31.67
PROD00828,SUP0137,8.62
PROD00829,SUP0065,84.91
PROD00830,SUP0061,20.63
PROD00831,SUP0077,146.34
PROD00832,SUP0053,31.13
PROD00833,SUP0044,18.99
PROD00834,SUP0056,85.73
PROD00835,SUP0094,47.74
PROD00836,SUP0023,72.49
PROD00837,SUP0149,43.41
PROD00838,SUP0103,331.39
PROD00839,SUP0077,13.03
PROD00840,SUP0141,128.42
PROD00841,SUP0059,13.03
PROD00842,SUP0026,111.19
PROD00843,SUP0113,64.1
PROD00844,SUP0089,138.3
PROD00845,SUP0132,93.39
PROD00846,SUP0085,6.0
PROD00847,SUP0071,30.1
PROD00848,SUP0070,17.42
PROD00849,SUP0070,155.7
PROD00850,SUP0073,63.85
PROD00851,SUP0002,47.43
PROD00852,SUP0007,32.66
PROD00853,SUP0001,43.72
PROD00854,SUP0135,22.32
PROD00855,SUP0009,45.16
PROD00856,SUP0048,52.99
PROD00857,SUP0055,19.39
PROD00858,SUP0095,94.48
PROD00859,SUP0060,214.62
PROD00860,SUP0122,16.22
PROD00861,SUP0070,123.26
PROD00862,SUP0078,29.43
PROD00863,SUP0049,52.13
PROD00864,SUP0022,35.97
PROD00865,SUP0004,25.99
PROD00866,SUP0093,33.05
PROD00867,SUP0066,135.36
PROD00868,SUP0030,54.74
PROD00869,SUP0080,37.31
PROD00870,SUP0025,53.35
PROD00871,SUP0065,269.78
PROD00872,SUP0103,82.79
PROD00873,SUP0016,27.13
PROD00874,SUP0055,136.42
PROD00875,SUP0093,43.3
PROD00876,SUP0124,22.57
PROD00877,SUP0119,41.2
PROD00878,SUP0068,31.87
PROD00879,SUP0102,7.4
PROD00880,SUP0123,73.37
PROD00881,SUP0109,17.25
PROD00882,SUP0108,13.12
PROD00883,SUP0041,11.41
PROD00884,SUP0130,65.64
PROD00885,SUP0001,47.76
PROD00886,SUP0087,69.67
PROD00887,SUP0037,20.57
PROD00888,SUP0083,32.76
PROD00889,SUP0115,170.03
PROD00890,SUP0076,10.15
PROD00891,SUP0065,95.75
PROD00892,SUP0013,24.75
PROD00893,SUP0111,506.16
PROD00894,SUP0001,96.48
PROD00895,SUP0074,33.03
PROD00896,SUP0142,17.63
PROD00897,SUP0150,45.75
PROD00898,SUP0127,13.18
PROD00899,SUP0101,93.09
PROD00900,SUP0047,10.46
PROD00901,SUP0092,23.58
PROD00902,SUP0140,8.07
PROD00903,SUP0057,47.11
PROD00904,SUP0065,63.21
PROD00905,SUP0146,34.76
PROD00906,SUP0070,15.4
PROD00907,SUP0058,145.72
PROD00908,SUP0062,42.06
PROD00909,SUP0113,27.9
PROD00910,SUP0108,91.74
PROD00911,SUP0027,35.26
PROD00912,SUP0029,56.6
PROD00913,SUP0043,23.33
PROD00914,SUP0117,70.77
PROD00915,SUP0017,100.99
PROD00916,SUP0040,36.56
PROD00917,SUP0091,62.04
PROD00918,SUP0134,50.4
PROD00919,SUP0100,26.38
PROD00920,SUP0109,13.43
PROD00921,SUP0117,17.81
PROD00922,SUP0043,26.55
PROD00923,SUP0122,48.42
PROD00924,SUP0128,28.49
PROD00925,SUP0084,53.17
PROD00926,SUP0143,6.85
PROD00927,SUP0015,41.56
PROD00928,SUP0087,32.12
PROD00929,SUP0010,55.27
PROD00930,SUP0068,132.2
PROD00931,SUP0033,90.29
PROD00932,SUP0009,238.2
PROD00933,SUP0122,41.58
PROD00934,SUP0011,35.68
PROD00935,SUP0143,70.59
PROD00936,SUP0090,39.5
PROD00937,SUP0008,38.12
PROD00938,SUP0069,138.69
PROD00939,SUP0130,99.73
PROD00940,SUP0145,49.35
PROD00941,SUP0077,30.47
PROD00942,SUP0009,125.06
PROD00943,SUP0071,35.65
PROD00944,SUP0076,13.63
PROD00945,SUP0004,84.93
PROD00946,SUP0031,19.93
PROD00947,SUP0131,8.1
PROD00948,SUP0041,8.87
PROD00949,SUP0135,40.44
PROD00950,SUP0075,168.89
PROD00951,SUP0060,42.82
PROD00952,SUP0047,50.26
PROD00953,SUP0057,152.05
PROD00954,SUP0084,47.04
PROD00955,SUP0150,98.86
PROD00956,SUP0022,89.96
PROD00957,SUP0089,33.9
PROD00958,SUP0018,36.17
PROD00959,SUP0114,23.4
PROD00960,SUP0012,72.97
PROD00961,SUP0029,16.41
PROD00962,SUP0003,15.63
PROD00963,SUP0119,32.4
PROD00964,SUP0026,34.26
PROD00965,SUP0078,55.28
PROD00966,SUP0106,27.71
PROD00967,SUP0141,22.23
PROD00968,SUP0120,97.12
PROD00969,SUP0092,72.72
PROD00970,SUP0051,11.67
PROD00971,SUP0096,95.47
PROD00972,SUP0130,30.2
PROD00973,SUP0014,202.66
PROD00974,SUP0139,26.36
PROD00975,SUP0050,20.47
PROD00976,SUP0125,73.0
PROD00977,SUP0071,204.97
PROD00978,SUP0038,13.86
PROD00979,SUP0033,58.76
PROD00980,SUP0075,58.99
PROD00981,SUP0134,48.77
PROD00982,SUP0146,155.45
PROD00983,SUP0079,6.35
PROD00984,SUP0077,98.99
PROD00985,SUP0133,79.9
PROD00986,SUP0040,133.82
PROD00987,SUP0063,125.14
PROD00988,SUP0082,35.84
PROD00989,SUP0043,33.47
PROD00990,SUP0002,36.35
PROD00991,SUP0076,61.94
PROD00992,SUP0148,34.75
PROD00993,SUP0113,38.43
PROD00994,SUP0024,27.74
PROD00995,SUP0073,25.74
PROD00996,SUP0110,66.84
PROD00997,SUP0045,51.64
PROD00998,SUP0047,102.69
PROD00999,SUP0093,20.54
PROD01000,SUP0123,62.34
PROD01001,SUP0051,20.69
PROD01002,SUP0117,81.27
PROD01003,SUP0121,123.81
PROD01004,SUP0029,14.08
PROD01005,SUP0104,21.62
PROD01006,SUP0123,23.84
PROD01007,SUP0014,94.24
PROD01008,SUP0058,34.34
PROD01009,SUP0033,101.67
PROD01010,SUP0104,32.87
PROD01011,SUP0072,129.38
PROD01012,SUP0051,118.69
PROD01013,SUP0129,149.78
PROD01014,SUP0068,29.74
PROD01015,SUP0029,55.34
PROD01016,SUP0035,26.77
PROD01017,SUP0146,35.14
PROD01018,SUP0102,29.59
PROD01019,SUP0127,81.18
PROD01020,SUP0055,25.85
PROD01021,SUP0114,46.41
PROD01022,SUP0104,67.81
PROD01023,SUP0128,52.36
PROD01024,SUP0147,14.51
PROD01025,SUP0124,42.6
PROD01026,SUP0021,36.21
PROD01027,SUP0123,77.92
PROD01028,SUP0080,44.72
PROD01029,SUP0070,37.56
PROD01030,SUP0090,37.14
PROD01031,SUP0001,86.32
PROD01032,SUP0082,6.03
PROD01033,SUP0001,54.94
PROD01034,SUP0027,76.45
PROD01035,SUP0147,24.36
PROD01036,SUP0090,32.56
PROD01037,SUP0124,150.51
PROD01038,SUP0052,23.36
PROD01039,SUP0063,40.1
PROD01040,SUP0095,63.65
PROD01041,SUP0110,7.04
PROD01042,SUP0122,7.49
PROD01043,SUP0067,89.56
PROD01044,SUP0084,38.28
PROD01045,SUP0130,45.09
PROD01046,SUP0037,25.66
PROD01047,SUP0039,28.69
PROD01048,SUP0123,95.99
PROD01049,SUP0128,51.05
PROD01050,SUP0019,84.37
PROD01051,SUP0042,36.68
PROD01052,SUP0123,31.41
PROD01053,SUP0111,79.07
PROD01054,SUP0034,74.06
PROD01055,SUP0121,16.89
PROD01056,SUP0058,32.08
PROD01057,SUP0015,25.78
PROD01058,SUP0029,98.03
PROD01059,SUP0134,10.55
PROD01060,SUP0046,94.76
PROD01061,SUP0105,29.8
PROD01062,SUP0071,23.72
PROD01063,SUP0027,25.23
PROD01064,SUP0129,113.95
PROD01065,SUP0073,27.87
PROD01066,SUP0150,12.27
PROD01067,SUP0150,19.4
PROD01068,SUP0124,42.94
PROD01069,SUP0113,10.55
PROD01070,SUP0093,96.56
PROD01071,SUP0055,11.56
PROD01072,SUP0111,19.74
PROD01073,SUP0044,103.21
PROD01074,SUP0037,22.59
PROD01075,SUP0038,16.72
PROD01076,SUP0005,27.4
PROD01077,SUP0023,27.71
PROD01078,SUP0042,114.32
PROD01079,SUP0098,116.21
PROD01080,SUP0048,47.05
PROD01081,SUP0122,53.92
PROD01082,SUP0006,50.31
PROD01083,SUP0016,31.37
PROD01084,SUP0058,9.13
PROD01085,SUP0131,59.66
PROD01086,SUP0103,23.59
PROD01087,SUP0110,51.65
PROD01088,SUP0022,56.71
PROD01089,SUP0065,26.53
PROD01090,SUP0005,73.03
PROD01091,SUP0119,21.76
PROD01092,SUP0038,30.2
PROD01093,SUP0148,34.21
PROD01094,SUP0087,116.7
PROD01095,SUP0125,30.08
PROD01096,SUP0064,28.28
PROD01097,SUP0030,77.73
PROD01098,SUP0117,25.72
PROD01099,SUP0135,104.57
PROD01100,SUP0092,53.78
PROD01101,SUP0125,108.25
PROD01102,SUP0017,34.27
PROD01103,SUP0019,37.76
PROD01104,SUP0135,44.11
PROD01105,SUP0122,44.47
PROD01106,SUP0111,89.89
PROD01107,SUP0023,31.13
PROD01108,SUP0066,15.49
PROD01109,SUP0123,169.99
PROD01110,SUP0054,229.57
PROD01111,SUP0076,11.03
PROD01112,SUP0043,68.21
PROD01113,SUP0139,93.72
PROD01114,SUP0029,35.53
PROD01115,SUP0061,205.97
PROD01116,SUP0135,17.73
PROD01117,SUP0127,26.3
PROD01118,SUP0017,64.14
PROD01119,SUP0066,63.31
PROD01120,SUP0150,139.44
PROD01121,SUP0057,17.4
PROD01122,SUP0002,12.12
PROD01123,SUP0092,81.84
PROD01124,SUP0021,36.56
PROD01125,SUP0095,42.21
PROD01126,SUP0019,82.93
PROD01127,SUP0048,30.57
PROD01128,SUP0135,25.37
PROD01129,SUP0094,48.53
PROD01130,SUP0139,15.65
PROD01131,SUP0096,31.82
PROD01132,SUP0115,43.98
PROD01133,SUP0004,50.73
PROD01134,SUP0134,10.21
PROD01135,SUP0115,86.07
PROD01136,SUP0043,61.81
PROD01137,SUP0105,29.03
PROD01138,SUP0056,251.94
PROD01139,SUP0058,23.32
PROD01140,SUP0053,97.97
PROD01141,SUP0011,74.39
PROD01142,SUP0080,40.82
PROD01143,SUP0109,57.79
PROD01144,SUP0049,64.31
PROD01145,SUP0042,593.98
PROD01146,SUP0110,11.65
PROD01147,SUP0062,9.22
PROD01148,SUP0091,14.6
PROD01149,SUP0020,47.1
PROD01150,SUP0017,86.83
PROD01151,SUP0116,33.97
PROD01152,SUP0016,33.75
PROD01153,SUP0058,168.93
PROD01154,SUP0127,25.56
PROD01155,SUP0149,190.11
PROD01156,SUP0053,53.49
PROD01157,SUP0082,150.34
PROD01158,SUP0138,27.62
PROD01159,SUP0123,44.95
PROD01160,SUP0006,10.14
PROD01161,SUP0017,73.3
PROD01162,SUP0012,61.13
PROD01163,SUP0042,264.49
PROD01164,SUP0060,35.65
PROD01165,SUP0036,15.61
PROD01166,SUP0023,65.6
PROD01167,SUP0003,23.66
PROD01168,SUP0121,18.21
PROD01169,SUP0067,87.96
PROD01170,SUP0062,16.46
PROD01171,SUP0009,25.41
PROD01172,SUP0083,162.02
PROD01173,SUP0022,82.15
PROD01174,SUP0078,67.79
PROD01175,SUP0095,11.23
PROD01176,SUP0112,78.74
PROD01177,SUP0128,39.8
PROD01178,SUP0054,41.0
PROD01179,SUP0053,70.3
PROD01180,SUP0033,55.68
PROD01181,SUP0092,11.52
PROD01182,SUP0021,119.19
PROD01183,SUP0026,112.0
PROD01184,SUP0010,29.0
PROD01185,SUP0064,60.55
PROD01186,SUP0023,73.0
PROD01187,SUP0067,10.37
PROD01188,SUP0010,38.11
PROD01189,SUP0109,6.66
PROD01190,SUP0123,62.42
PROD01191,SUP0001,84.89
PROD01192,SUP0028,17.39
PROD01193,SUP0039,39.3
PROD01194,SUP0118,34.07
PROD01195,SUP0107,9.88
PROD01196,SUP0078,98.56
PROD01197,SUP0038,57.8
PROD01198,SUP0065,28.58
PROD01199,SUP0002,33.32
PROD01200,SUP0070,51.09
PROD01201,SUP0146,12.16
PROD01202,SUP0052,16.99
PROD01203,SUP0054,37.54
PROD01204,SUP0146,96.97
PROD01205,SUP0150,5.73
PROD01206,SUP0076,111.27
PROD01207,SUP0075,19.89
PROD01208,SUP0126,41.06
PROD01209,SUP0111,57.4
PROD01210,SUP0118,21.76
PROD01211,SUP0042,19.79
PROD01212,SUP0039,58.42
PROD01213,SUP0147,185.63
PROD01214,SUP0020,18.7
PROD01215,SUP0068,21.93
PROD01216,SUP0065,13.75
PROD01217,SUP0091,33.17
PROD01218,SUP0046,15.29
PROD01219,SUP0119,24.99
PROD01220,SUP0050,62.08
PROD01221,SUP0092,14.14
PROD01222,SUP0099,148.46
PROD01223,SUP0001,19.99
PROD01224,SUP0003,77.3
PROD01225,SUP0004,145.72
PROD01226,SUP0037,133.79
PROD01227,SUP0023,109.62
PROD01228,SUP0089,99.07
PROD01229,SUP0082,44.63
PROD01230,SUP0002,82.26
PROD01231,SUP0010,34.51
PROD01232,SUP0098,84.73
PROD01233,SUP0090,129.16
PROD01234,SUP0027,48.8
PROD01235,SUP0037,47.83
PROD01236,SUP0029,44.82
PROD01237,SUP0136,28.8
PROD01238,SUP0125,33.28
PROD01239,SUP0088,97.43
PROD01240,SUP0060,52.81
PROD01241,SUP0128,57.32
PROD01242,SUP0093,63.73
PROD01243,SUP0077,73.94
PROD01244,SUP0025,162.93
PROD01245,SUP0135,36.09
PROD01246,SUP0022,26.38
PROD01247,SUP0097,73.29
PROD01248,SUP0111,10.14
PROD01249,SUP0015,96.94
PROD01250,SUP0131,26.03
PROD01251,SUP0125,126.25
PROD01252,SUP0136,67.22
PROD01253,SUP0048,93.25
PROD01254,SUP0095,95.51
PROD01255,SUP0092,30.77
PROD01256,SUP0083,45.01
PROD01257,SUP0082,8.42
PROD01258,SUP0118,179.56
PROD01259,SUP0038,10.43
PROD01260,SUP0150,38.57
PROD01261,SUP0127,93.02
PROD01262,SUP0105,155.83
PROD01263,SUP0013,37.29
PROD01264,SUP0054,11.49
PROD01265,SUP0105,45.62
PROD01266,SUP0047,59.41
PROD01267,SUP0070,72.3
PROD01268,SUP0072,32.37
PROD01269,SUP0088,52.62
PROD01270,SUP0101,17.64
PROD01271,SUP0038,68.88
PROD01272,SUP0117,101.25
PROD01273,SUP0110,59.04
PROD01274,SUP0022,33.92
PROD01275,SUP0150,120.27
PROD01276,SUP0087,67.08
PROD01277,SUP0001,37.7
PROD01278,SUP0120,31.72
PROD01279,SUP0042,16.3
PROD01280,SUP0110,16.06
PROD01281,SUP0130,34.25
PROD01282,SUP0103,28.89
PROD01283,SUP0128,32.15
PROD01284,SUP0061,98.66
PROD01285,SUP0138,53.65
PROD01286,SUP0036,80.05
PROD01287,SUP0103,93.57
PROD01288,SUP0057,134.16
PROD01289,SUP0016,125.79
PROD01290,SUP0141,123.46
PROD01291,SUP0022,12.42
PROD01292,SUP0147,11.27
PROD01293,SUP0146,22.26
PROD01294,SUP0048,30.16
PROD01295,SUP0138,79.04
PROD01296,SUP0027,30.61
PROD01297,SUP0142,26.22
PROD01298,SUP0140,52.9
PROD01299,SUP0086,64.27
PROD01300,SUP0137,95.68
PROD01301,SUP0014,40.13
PROD01302,SUP0024,16.45
PROD01303,SUP0100,16.28
PROD01304,SUP0090,66.92
PROD01305,SUP0046,24.68
PROD01306,SUP0026,79.32
PROD01307,SUP0071,14.68
PROD01308,SUP0029,17.11
PROD01309,SUP0133,40.86
PROD01310,SUP0030,28.66
PROD01311,SUP0012,46.78
PROD01312,SUP0061,25.42
PROD01313,SUP0142,77.19
PROD01314,SUP0031,105.37
PROD01315,SUP0076,19.13
PROD01316,SUP0123,90.46
PROD01317,SUP0023,193.85
PROD01318,SUP0094,78.0
PROD01319,SUP0133,28.66
PROD01320,SUP0058,61.13
PROD01321,SUP0097,20.36
PROD01322,SUP0012,20.35
PROD01323,SUP0094,165.84
PROD01324,SUP0017,54.76
PROD01325,SUP0015,208.01
PROD01326,SUP0067,69.96
PROD01327,SUP0128,27.73
PROD01328,SUP0142,34.48
PROD01329,SUP0081,57.76
PROD01330,SUP0096,295.06
PROD01331,SUP0035,71.27
PROD01332,SUP0030,16.89
PROD01333,SUP0069,46.71
PROD01334,SUP0013,72.71
PROD01335,SUP0021,21.28
PROD01336,SUP0038,35.98
PROD01337,SUP0117,27.81
PROD01338,SUP0056,63.77
PROD01339,SUP0070,33.6
PROD01340,SUP0068,17.63
PROD01341,SUP0095,44.2
PROD01342,SUP0024,60.66
PROD01343,SUP0027,110.91
PROD01344,SUP0008,123.94
PROD01345,SUP0077,13.69
PROD01346,SUP0064,14.27
PROD01347,SUP0057,22.32
PROD01348,SUP0133,182.96
PROD01349,SUP0147,47.9
PROD01350,SUP0127,462.08
PROD01351,SUP0111,165.83
PROD01352,SUP0078,33.93
PROD01353,SUP0037,27.14
PROD01354,SUP0143,45.83
PROD01355,SUP0027,83.32
PROD01356,SUP0081,94.01
PROD01357,SUP0091,31.99
PROD01358,SUP0136,210.17
PROD01359,SUP0048,27.63
PROD01360,SUP0026,75.06
PROD01361,SUP0078,59.28
PROD01362,SUP0009,34.08
PROD01363,SUP0143,6.17
PROD01364,SUP0098,19.04
PROD01365,SUP0109,75.33
PROD01366,SUP0140,80.98
PROD01367,SUP0089,66.49
PROD01368,SUP0033,198.58
PROD01369,SUP0122,21.6
PROD01370,SUP0112,37.91
PROD01371,SUP0106,44.17
PROD01372,SUP0132,11.75
PROD01373,SUP0005,16.12
PROD01374,SUP0016,22.79
PROD01375,SUP0045,13.98
PROD01376,SUP0068,23.99
PROD01377,SUP0019,36.82
PROD01378,SUP0013,133.03
PROD01379,SUP0131,23.01
PROD01380,SUP0005,109.06
PROD01381,SUP0015,53.53
PROD01382,SUP0033,74.45
PROD01383,SUP0041,68.17
PROD01384,SUP0034,11.95
PROD01385,SUP0017,25.42
PROD01386,SUP0041,65.65
PROD01387,SUP0058,59.94
PROD01388,SUP0007,13.99
PROD01389,SUP0044,34.13
PROD01390,SUP0037,72.42
PROD01391,SUP0120,12.87
PROD01392,SUP0037,22.68
PROD01393,SUP0015,147.36
PROD01394,SUP0003,97.53
PROD01395,SUP0107,202.36
PROD01396,SUP0102,21.5
PROD01397,SUP0098,142.8
PROD01398,SUP0060,19.19
PROD01399,SUP0099,66.72
PROD01400,SUP0063,32.91
PROD01401,SUP0112,84.54
PROD01402,SUP0084,84.21
PROD01403,SUP0145,84.55
PROD01404,SUP0095,16.17
PROD01405,SUP0030,46.83
PROD01406,SUP0037,61.18
PROD01407,SUP0126,102.55
PROD01408,SUP0066,25.33
PROD01409,SUP0060,18.65
PROD01410,SUP0103,14.84
PROD01411,SUP0141,33.35
PROD01412,SUP0056,29.42
PROD01413,SUP0024,31.56
PROD01414,SUP0003,32.48
PROD01415,SUP0029,162.36
PROD01416,SUP0144,27.14
PROD01417,SUP0088,134.92
PROD01418,SUP0132,48.29
PROD01419,SUP0054,16.27
PROD01420,SUP0148,32.66
PROD01421,SUP0079,124.59
PROD01422,SUP0057,125.42
PROD01423,SUP0103,120.47
PROD01424,SUP0067,55.82
PROD01425,SUP0127,23.6
PROD01426,SUP0056,198.98
PROD01427,SUP0089,70.37
PROD01428,SUP0064,68.28
PROD01429,SUP0015,44.43
PROD01430,SUP0088,18.81
PROD01431,SUP0149,54.92
PROD01432,SUP0078,144.04
PROD01433,SUP0077,74.89
PROD01434,SUP0087,81.9
PROD01435,SUP0066,29.94
PROD01436,SUP0077,99.26
PROD01437,SUP0016,143.77
PROD01438,SUP0126,7.42
PROD01439,SUP0129,73.79
PROD01440,SUP0066,37.88
PROD01441,SUP0096,68.67
PROD01442,SUP0066,22.2
PROD01443,SUP0004,62.96
PROD01444,SUP0004,21.49
PROD01445,SUP0077,18.31
PROD01446,SUP0001,76.96
PROD01447,SUP0067,21.22
PROD01448,SUP0116,75.38
PROD01449,SUP0143,39.32
PROD01450,SUP0067,223.32
PROD01451,SUP0097,29.38
PROD01452,SUP0014,37.14
PROD01453,SUP0010,26.61
PROD01454,SUP0087,114.34
PROD01455,SUP0136,38.35
PROD01456,SUP0001,51.19
PROD01457,SUP0045,84.93
PROD01458,SUP0092,20.81
PROD01459,SUP0073,18.86
PROD01460,SUP0011,37.89
PROD01461,SUP0065,57.53
PROD01462,SUP0067,18.48
PROD01463,SUP0114,47.68
PROD01464,SUP0045,216.73
PROD01465,SUP0137,53.82
PROD01466,SUP0045,11.03
PROD01467,SUP0083,141.07
PROD01468,SUP0019,191.68
PROD01469,SUP0131,86.55
PROD01470,SUP0141,56.2
PROD01471,SUP0026,12.25
PROD01472,SUP0148,21.65
PROD01473,SUP0125,29.15
PROD01474,SUP0105,17.8
PROD01475,SUP0051,25.53
PROD01476,SUP0125,40.97
PROD01477,SUP0006,22.81
PROD01478,SUP0017,147.68
PROD01479,SUP0065,32.44
PROD01480,SUP0061,47.85
PROD01481,SUP0095,78.57
PROD01482,SUP0016,46.83
PROD01483,SUP0135,41.08
PROD01484,SUP0023,109.59
PROD01485,SUP0068,158.74
PROD01486,SUP0148,6.3
PROD01487,SUP0072,16.85
PROD01488,SUP0098,28.83
PROD01489,SUP0122,12.93
PROD01490,SUP0068,18.89
PROD01491,SUP0026,35.59
PROD01492,SUP0035,46.54
PROD01493,SUP0053,8.77
PROD01494,SUP0148,25.68
PROD01495,SUP0010,125.37
PROD01496,SUP0070,49.66
PROD01497,SUP0003,79.9
PROD01498,SUP0084,38.15
PROD01499,SUP0046,38.45
PROD01500,SUP0080,32.73
PROD01501,SUP0004,54.57
PROD01502,SUP0040,31.59
PROD01503,SUP0039,69.39
PROD01504,SUP0145,18.2
PROD01505,SUP0112,63.81
PROD01506,SUP0029,12.02
PROD01507,SUP0004,64.51
PROD01508,SUP0118,68.38
PROD01509,SUP0119,20.72
PROD01510,SUP0065,205.46
PROD01511,SUP0145,94.8
PROD01512,SUP0100,22.16
PROD01513,SUP0047,41.23
PROD01514,SUP0018,15.01
PROD01515,SUP0071,11.43
PROD01516,SUP0024,116.99
PROD01517,SUP0033,21.3
PROD01518,SUP0090,86.2
PROD01519,SUP0029,99.65
PROD01520,SUP0088,26.75
PROD01521,SUP0092,163.18
PROD01522,SUP0025,53.78
PROD01523,SUP0143,56.23
PROD01524,SUP0105,13.58
PROD01525,SUP0072,16.5
PROD01526,SUP0027,6.59
PROD01527,SUP0132,30.87
PROD01528,SUP0076,126.33
PROD01529,SUP0020,15.75
PROD01530,SUP0048,27.61
PROD01531,SUP0063,13.03
PROD01532,SUP0145,16.85
PROD01533,SUP0112,87.97
PROD01534,SUP0114,11.99
PROD01535,SUP0092,47.74
PROD01536,SUP0085,29.49
PROD01537,SUP0141,86.5
PROD01538,SUP0097,18.18
PROD01539,SUP0053,38.76
PROD01540,SUP0074,14.07
PROD01541,SUP0083,21.34
PROD01542,SUP0120,20.3
PROD01543,SUP0057,29.71
PROD01544,SUP0012,115.83
PROD01545,SUP0120,38.67
PROD01546,SUP0118,152.48
PROD01547,SUP0088,116.35
PROD01548,SUP0009,33.13
PROD01549,SUP0120,102.84
PROD01550,SUP0044,65.38
PROD01551,SUP0048,10.6
PROD01552,SUP0019,30.22
PROD01553,SUP0086,67.85
PROD01554,SUP0101,149.52
PROD01555,SUP0076,21.22
PROD01556,SUP0073,50.93
PROD01557,SUP0143,11.23
PROD01558,SUP0122,155.41
PROD01559,SUP0009,113.61
PROD01560,SUP0119,19.99
PROD01561,SUP0137,227.27
PROD01562,SUP0046,78.4
PROD01563,SUP0031,93.83
PROD01564,SUP0119,208.79
PROD01565,SUP0126,103.7
PROD01566,SUP0110,45.5
PROD01567,SUP0103,131.5
PROD01568,SUP0143,19.49
PROD01569,SUP0040,27.72
PROD01570,SUP0138,22.0
PROD01571,SUP0001,54.8
PROD01572,SUP0024,19.63
PROD01573,SUP0064,11.38
PROD01574,SUP0048,18.59
PROD01575,SUP0094,31.03
PROD01576,SUP0050,32.16
PROD01577,SUP0003,15.86
PROD01578,SUP0102,18.23
PROD01579,SUP0025,48.1
PROD01580,SUP0056,170.86
PROD01581,SUP0041,22.33
PROD01582,SUP0140,64.9
PROD01583,SUP0106,33.6
PROD01584,SUP0129,49.08
PROD01585,SUP0127,102.42
PROD01586,SUP0069,58.26
PROD01587,SUP0099,20.73
PROD01588,SUP0059,20.59
PROD01589,SUP0075,82.62
PROD01590,SUP0033,71.45
PROD01591,SUP0040,72.62
PROD01592,SUP0085,104.68
PROD01593,SUP0022,71.68
PROD01594,SUP0098,51.32
PROD01595,SUP0004,9.54
PROD01596,SUP0012,38.51
PROD01597,SUP0132,220.2
PROD01598,SUP0058,41.21
PROD01599,SUP0105,10.95
PROD01600,SUP0119,107.01
PROD01601,SUP0035,195.58
PROD01602,SUP0058,35.84
PROD01603,SUP0006,77.3
PROD01604,SUP0135,77.53
PROD01605,SUP0149,37.53
PROD01606,SUP0143,64.48
PROD01607,SUP0087,24.84
PROD01608,SUP0140,82.24
PROD01609,SUP0049,87.43
PROD01610,SUP0033,24.42
PROD01611,SUP0061,82.77
PROD01612,SUP0013,35.24
PROD01613,SUP0141,14.46
PROD01614,SUP0028,14.74
PROD01615,SUP0077,62.76
PROD01616,SUP0103,8.28
PROD01617,SUP0004,64.24
PROD01618,SUP0013,29.65
PROD01619,SUP0129,7.19
PROD01620,SUP0124,51.44
PROD01621,SUP0049,18.38
PROD01622,SUP0024,334.06
PROD01623,SUP0034,115.44
PROD01624,SUP0135,48.59
PROD01625,SUP0021,8.67
PROD01626,SUP0043,41.5
PROD01627,SUP0100,226.14
PROD01628,SUP0093,93.75
PROD01629,SUP0066,143.08
PROD01630,SUP0132,102.81
PROD01631,SUP0084,21.66
PROD01632,SUP0127,74.82
PROD01633,SUP0057,140.26
PROD01634,SUP0090,28.91
PROD01635,SUP0057,35.09
PROD01636,SUP0019,121.05
PROD01637,SUP0031,174.1
PROD01638,SUP0127,27.24
PROD01639,SUP0073,13.4
PROD01640,SUP0041,39.19
PROD01641,SUP0109,16.62
PROD01642,SUP0048,28.0
PROD01643,SUP0079,31.52
PROD01644,SUP0149,91.49
PROD01645,SUP0067,163.09
PROD01646,SUP0079,121.11
PROD01647,SUP0088,23.61
PROD01648,SUP0016,55.94
PROD01649,SUP0128,33.43
PROD01650,SUP0135,67.38
PROD01651,SUP0012,96.73
PROD01652,SUP0030,20.48
PROD01653,SUP0072,16.52
PROD01654,SUP0139,170.28
PROD01655,SUP0042,101.0
PROD01656,SUP0100,78.25
PROD01657,SUP0111,20.29
PROD01658,SUP0049,117.57
PROD01659,SUP0094,30.75
PROD01660,SUP0035,10.64
PROD01661,SUP0094,30.2
PROD01662,SUP0014,51.2
PROD01663,SUP0040,34.68
PROD01664,SUP0041,90.3
PROD01665,SUP0122,86.81
PROD01666,SUP0133,12.19
PROD01667,SUP0021,66.59
PROD01668,SUP0061,107.48
PROD01669,SUP0134,28.86
PROD01670,SUP0114,60.4
PROD01671,SUP0062,41.48
PROD01672,SUP0024,108.16
PROD01673,SUP0052,52.04
PROD01674,SUP0016,60.6
PROD01675,SUP0135,88.91
PROD01676,SUP0042,47.07
PROD01677,SUP0021,45.53
PROD01678,SUP0060,20.16
PROD01679,SUP0145,63.07
PROD01680,SUP0149,65.77
PROD01681,SUP0134,71.56
PROD01682,SUP0147,23.32
PROD01683,SUP0147,41.99
PROD01684,SUP0150,106.2
PROD01685,SUP0025,14.03
PROD01686,SUP0139,19.84
PROD01687,SUP0076,54.45
PROD01688,SUP0066,111.18
PROD01689,SUP0076,133.47
PROD01690,SUP0025,80.02
PROD01691,SUP0002,21.95
PROD01692,SUP0033,14.92
PROD01693,SUP0126,270.88
PROD01694,SUP0141,18.73
PROD01695,SUP0052,61.64
PROD01696,SUP0045,50.19
PROD01697,SUP0050,55.83
PROD01698,SUP0117,12.87
PROD01699,SUP0088,211.46
PROD01700,SUP0084,17.49
PROD01701,SUP0140,56.69
PROD01702,SUP0107,39.87
PROD01703,SUP0107,50.9
PROD01704,SUP0113,41.67
PROD01705,SUP0122,35.82
PROD01706,SUP0115,81.68
PROD01707,SUP0136,27.98
PROD01708,SUP0100,140.57
PROD01709,SUP0112,21.08
PROD01710,SUP0097,41.37
PROD01711,SUP0031,14.78
PROD01712,SUP0102,33.43
PROD01713,SUP0018,19.09
PROD01714,SUP0020,81.7
PROD01715,SUP0108,51.73
PROD01716,SUP0072,159.93
PROD01717,SUP0104,66.97
PROD01718,SUP0115,114.15
PROD01719,SUP0046,56.02
PROD01720,SUP0101,26.05
PROD01721,SUP0088,180.8
PROD01722,SUP0129,84.66
PROD01723,SUP0058,270.83
PROD01724,SUP0116,155.89
PROD01725,SUP0067,52.96
PROD01726,SUP0102,73.36
PROD01727,SUP0075,72.08
PROD01728,SUP0042,111.41
PROD01729,SUP0105,11.3
PROD01730,SUP0131,171.39
PROD01731,SUP0149,57.51
PROD01732,SUP0065,110.95
PROD01733,SUP0119,30.0
PROD01734,SUP0068,25.34
PROD01735,SUP0019,65.48
PROD01736,SUP0148,124.88
PROD01737,SUP0112,15.18
PROD01738,SUP0135,23.36
PROD01739,SUP0060,12.11
PROD01740,SUP0048,75.46
PROD01741,SUP0137,245.62
PROD01742,SUP0013,35.92
PROD01743,SUP0147,110.14
PROD01744,SUP0060,53.93
PROD01745,SUP0089,40.38
PROD01746,SUP0014,27.17
PROD01747,SUP0005,59.95
PROD01748,SUP0120,41.5
PROD01749,SUP0110,145.16
PROD01750,SUP0007,32.9
PROD01751,SUP0076,125.35
PROD01752,SUP0132,150.44
PROD01753,SUP0006,95.62
PROD01754,SUP0065,24.51
PROD01755,SUP0084,23.27
PROD01756,SUP0090,68.44
PROD01757,SUP0076,34.71
PROD01758,SUP0013,55.0
PROD01759,SUP0059,151.09
PROD01760,SUP0057,59.2
PROD01761,SUP0082,35.95
PROD01762,SUP0095,49.39
PROD01763,SUP0046,144.41
PROD01764,SUP0114,38.01
PROD01765,SUP0053,254.96
PROD01766,SUP0020,112.77
PROD01767,SUP0148,68.81
PROD01768,SUP0098,21.39
PROD01769,SUP0142,47.91
PROD01770,SUP0015,77.6
PROD01771,SUP0030,54.22
PROD01772,SUP0146,145.32
PROD01773,SUP0026,50.02
PROD01774,SUP0100,20.97
PROD01775,SUP0128,68.68
PROD01776,SUP0108,44.19
PROD01777,SUP0083,59.82
PROD01778,SUP0106,31.14
PROD01779,SUP0106,179.17
PROD01780,SUP0055,14.38
PROD01781,SUP0067,23.71
PROD01782,SUP0113,48.64
PROD01783,SUP0044,31.62
PROD01784,SUP0127,6.16
PROD01785,SUP0140,207.38
PROD01786,SUP0103,66.61
PROD01787,SUP0130,14.15
PROD01788,SUP0124,26.95
PROD01789,SUP0042,16.11
PROD01790,SUP0102,39.84
PROD01791,SUP0031,160.13
PROD01792,SUP0069,35.23
PROD01793,SUP0148,36.21
PROD01794,SUP0038,67.1
PROD01795,SUP0075,50.77
PROD01796,SUP0095,62.94
PROD01797,SUP0124,62.93
PROD01798,SUP0089,8.23
PROD01799,SUP0132,70.72
PROD01800,SUP0085,115.4
PROD01801,SUP0062,18.57
PROD01802,SUP0105,48.38
PROD01803,SUP0129,7.47
PROD01804,SUP0113,33.01
PROD01805,SUP0037,34.62
PROD01806,SUP0051,144.01
PROD01807,SUP0053,38.96
PROD01808,SUP0001,57.38
PROD01809,SUP0144,155.68
PROD01810,SUP0002,8.66
PROD01811,SUP0130,52.12
PROD01812,SUP0058,19.83
PROD01813,SUP0017,15.26
PROD01814,SUP0007,23.33
PROD01815,SUP0114,38.87
PROD01816,SUP0062,27.48
PROD01817,SUP0145,38.14
PROD01818,SUP0021,130.4
PROD01819,SUP0064,72.0
PROD01820,SUP0043,339.07
PROD01821,SUP0087,65.52
PROD01822,SUP0026,89.94
PROD01823,SUP0102,85.15
PROD01824,SUP0026,18.56
PROD01825,SUP0070,171.69
PROD01826,SUP0067,29.96
PROD01827,SUP0115,66.11
PROD01828,SUP0059,117.07
PROD01829,SUP0021,6.62
PROD01830,SUP0042,28.93
PROD01831,SUP0070,51.28
PROD01832,SUP0023,21.16
PROD01833,SUP0119,68.0
PROD01834,SUP0053,207.02
PROD01835,SUP0126,20.35
PROD01836,SUP0025,158.85
PROD01837,SUP0061,62.37
PROD01838,SUP0147,20.37
PROD01839,SUP0035,22.72
PROD01840,SUP0021,71.94
PROD01841,SUP0018,142.22
PROD01842,SUP0091,98.81
PROD01843,SUP0040,18.21
PROD01844,SUP0074,44.43
PROD01845,SUP0005,5.59
PROD01846,SUP0150,94.96
PROD01847,SUP0120,23.72
PROD01848,SUP0142,17.4
PROD01849,SUP0001,34.83
PROD01850,SUP0112,14.88
PROD01851,SUP0058,50.6
PROD01852,SUP0081,113.26
PROD01853,SUP0092,8.28
PROD01854,SUP0026,42.56
PROD01855,SUP0020,52.09
PROD01856,SUP0083,65.97
PROD01857,SUP0142,38.05
PROD01858,SUP0122,88.33
PROD01859,SUP0008,115.08
PROD01860,SUP0049,104.64
PROD01861,SUP0006,30.56
PROD01862,SUP0001,199.74
PROD01863,SUP0126,14.94
PROD01864,SUP0094,92.85
PROD01865,SUP0133,144.58
PROD01866,SUP0073,162.01
PROD01867,SUP0136,115.52
PROD01868,SUP0088,33.15
PROD01869,SUP0119,68.74
PROD01870,SUP0072,54.56
PROD01871,SUP0102,82.18
PROD01872,SUP0147,74.85
PROD01873,SUP0003,149.05
PROD01874,SUP0039,56.28
PROD01875,SUP0016,68.15
PROD01876,SUP0065,20.44
PROD01877,SUP0074,162.36
PROD01878,SUP0069,11.47
PROD01879,SUP0017,69.47
PROD01880,SUP0021,56.02
PROD01881,SUP0093,34.26
PROD01882,SUP0062,11.1
PROD01883,SUP0131,41.43
PROD01884,SUP0038,89.12
PROD01885,SUP0092,21.7
PROD01886,SUP0076,19.54
PROD01887,SUP0144,14.54
PROD01888,SUP0089,155.54
PROD01889,SUP0082,53.36
PROD01890,SUP0136,101.08
PROD01891,SUP0070,60.97
PROD01892,SUP0146,27.18
PROD01893,SUP0084,149.8
PROD01894,SUP0029,18.53
PROD01895,SUP0033,29.25
PROD01896,SUP0003,64.27
PROD01897,SUP0116,83.89
PROD01898,SUP0092,97.25
PROD01899,SUP0133,24.09
PROD01900,SUP0059,94.86
PROD01901,SUP0004,33.76
PROD01902,SUP0146,25.15
PROD01903,SUP0146,11.97
PROD01904,SUP0134,35.49
PROD01905,SUP0099,102.58
PROD01906,SUP0011,57.75
PROD01907,SUP0054,69.74
PROD01908,SUP0021,26.17
PROD01909,SUP0121,166.33
PROD01910,SUP0008,43.87
PROD01911,SUP0067,56.37
PROD01912,SUP0143,15.4
PROD01913,SUP0117,11.52
PROD01914,SUP0081,65.61
PROD01915,SUP0126,235.77
PROD01916,SUP0092,75.9
PROD01917,SUP0051,123.48
PROD01918,SUP0112,107.92
PROD01919,SUP0145,40.44
PROD01920,SUP0118,12.1
PROD01921,SUP0020,65.79
PROD01922,SUP0039,179.61
PROD01923,SUP0077,58.34
PROD01924,SUP0099,41.61
PROD01925,SUP0110,83.1
PROD01926,SUP0032,45.87
PROD01927,SUP0098,146.11
PROD01928,SUP0003,76.57
PROD01929,SUP0034,74.7
PROD01930,SUP0149,145.43
PROD01931,SUP0004,98.1
PROD01932,SUP0103,36.66
PROD01933,SUP0129,19.66
PROD01934,SUP0081,78.54
PROD01935,SUP0071,66.02
PROD01936,SUP0113,15.63
PROD01937,SUP0044,49.82
PROD01938,SUP0036,41.59
PROD01939,SUP0021,7.34
PROD01940,SUP0023,54.63
PROD01941,SUP0034,172.81
PROD01942,SUP0100,58.84
PROD01943,SUP0100,9.4
PROD01944,SUP0031,67.81
PROD01945,SUP0012,100.92
PROD01946,SUP0028,16.03
PROD01947,SUP0007,35.73
PROD01948,SUP0122,23.22
PROD01949,SUP0051,65.97
PROD01950,SUP0116,38.82
PROD01951,SUP0088,187.9
PROD01952,SUP0080,105.05
PROD01953,SUP0011,32.54
PROD01954,SUP0038,107.64
PROD01955,SUP0135,13.93
PROD01956,SUP0046,24.59
PROD01957,SUP0045,87.29
PROD01958,SUP0131,59.14
PROD01959,SUP0079,54.07
PROD01960,SUP0113,63.83
PROD01961,SUP0097,22.11
PROD01962,SUP0052,116.36
PROD01963,SUP0054,70.81
PROD01964,SUP0048,47.74
PROD01965,SUP0084,83.46
PROD01966,SUP0091,55.14
PROD01967,SUP0148,49.09
PROD01968,SUP0098,46.88
PROD01969,SUP0005,16.6
PROD01970,SUP0128,20.36
PROD01971,SUP0145,40.94
PROD01972,SUP0107,49.06
PROD01973,SUP0111,29.12
PROD01974,SUP0002,50.8
PROD01975,SUP0108,40.75
PROD01976,SUP0124,26.56
PROD01977,SUP0048,80.74
PROD01978,SUP0044,53.79
PROD01979,SUP0129,37.16
PROD01980,SUP0052,46.96
PROD01981,SUP0022,20.67
PROD01982,SUP0142,23.51
PROD01983,SUP0104,40.24
PROD01984,SUP0077,34.42
PROD01985,SUP0076,101.6
PROD01986,SUP0066,29.33
PROD01987,SUP0117,31.25
PROD01988,SUP0067,73.28
PROD01989,SUP0040,19.95
PROD01990,SUP0058,105.46
PROD01991,SUP0039,50.42
PROD01992,SUP0108,28.79
PROD01993,SUP0142,17.35
PROD01994,SUP0064,28.9
PROD01995,SUP0026,98.79
PROD01996,SUP0111,53.22
PROD01997,SUP0007,96.06
PROD01998,SUP0092,81.55
PROD01999,SUP0136,115.35
PROD02000,SUP0005,62.17
